{
 "blocks":[
  {"tile-rows":[[{"type":"tile","gaf":{"predicate":"Meta.Stop","args":[]}},{"type":"tile","gaf":{"predicate":"Block.Create","args":["Sky UV"]}},{"type":"tile","gaf":{"predicate":"Block.MoveTo","args":[{"x":0,"y":0,"z":0}]}},{"type":"tile","gaf":{"predicate":"Block.RotateTo","args":[{"x":0,"y":0,"z":0}]}},{"type":"tile","gaf":{"predicate":"Block.PaintTo","args":["White"]}},{"type":"tile","gaf":{"predicate":"Block.TextureTo","args":["Cloudy Sky",{"x":0,"y":0,"z":1}]}},{"type":"tile","gaf":{"predicate":"Block.ScaleTo","args":[{"x":1,"y":1,"z":1}]}},{"type":"tile","gaf":{"predicate":"Block.SetFog","args":["200","400","White"]}},{"type":"tile","gaf":{"predicate":"Block.SetBackgroundMusic","args":["MusicBackground"]}},{"type":"tile","gaf":{"predicate":"Sky.EnvEffect","args":["Rain"]}},{"type":"tile","gaf":{"predicate":"Sky.SkyBoxTo","args":[5]}}],[{"type":"tile","gaf":{"predicate":"Meta.Then","args":[]}},{"type":"tile","gaf":{"predicate":"Block.Locked","args":[]}}],[{"type":"tile","gaf":{"predicate":"Meta.Then","args":[]}},{"type":"tile","gaf":{"predicate":"Sky.SetGravity","args":[{"x":0,"y":-20,"z":0}]}},{"type":"tile","gaf":{"predicate":"Block.Fixed","args":[]}}],[{"type":"tile","gaf":{"predicate":"Meta.Then","args":[]}}]]},
  {"tile-rows":[[{"type":"tile","gaf":{"predicate":"Meta.Stop","args":[]}},{"type":"tile","gaf":{"predicate":"Block.Create","args":["Water Endless Expanse"]}},{"type":"tile","gaf":{"predicate":"Block.MoveTo","args":[{"x":0,"y":-5,"z":0}]}},{"type":"tile","gaf":{"predicate":"Block.RotateTo","args":[{"x":0,"y":0,"z":0}]}},{"type":"tile","gaf":{"predicate":"Block.PaintTo","args":["Blue"]}},{"type":"tile","gaf":{"predicate":"Block.TextureTo","args":["Texture Water Stream",{"x":0,"y":1,"z":0}]}},{"type":"tile","gaf":{"predicate":"Block.ScaleTo","args":[{"x":2500,"y":1,"z":2500}]}}],[{"type":"tile","gaf":{"predicate":"Meta.Then","args":[]}},{"type":"tile","gaf":{"predicate":"Block.Locked","args":[]}}],[{"type":"tile","gaf":{"predicate":"Meta.Then","args":[]}}]]},
  {"tile-rows":[[{"type":"tile","gaf":{"predicate":"Meta.Stop","args":[]}},{"type":"tile","gaf":{"predicate":"Block.Create","args":["Terrain Mountain 02"]}},{"type":"tile","gaf":{"predicate":"Block.MoveTo","args":[{"x":-179.5,"y":8.5,"z":-46}]}},{"type":"tile","gaf":{"predicate":"Block.RotateTo","args":[{"x":0,"y":270,"z":0}]}},{"type":"tile","gaf":{"predicate":"Block.PaintTo","args":["Dark Bley"]}},{"type":"tile","gaf":{"predicate":"Block.TextureTo","args":["Rock",{"x":1,"y":1,"z":0}]}},{"type":"tile","gaf":{"predicate":"Block.ScaleTo","args":[{"x":55,"y":34,"z":46}]}},{"type":"tile","gaf":{"predicate":"Block.PaintTo","args":["Grey",1]}},{"type":"tile","gaf":{"predicate":"Block.TextureTo","args":["Rock",{"x":0,"y":0.5,"z":-0.5},1]}},{"type":"tile","gaf":{"predicate":"Block.PaintTo","args":["Dark Yellow Green",2]}},{"type":"tile","gaf":{"predicate":"Block.TextureTo","args":["Grass 2",{"x":0.5,"y":0.5,"z":-1},2]}}],[{"type":"tile","gaf":{"predicate":"Meta.Then","args":[]}}]]},
  {"tile-rows":[[{"type":"tile","gaf":{"predicate":"Meta.Stop","args":[]}},{"type":"tile","gaf":{"predicate":"Block.Create","args":["Terrain Ground 02"]}},{"type":"tile","gaf":{"predicate":"Block.MoveTo","args":[{"x":-29.5,"y":-0.5,"z":26}]}},{"type":"tile","gaf":{"predicate":"Block.RotateTo","args":[{"x":0,"y":90,"z":0}]}},{"type":"tile","gaf":{"predicate":"Block.PaintTo","args":["Dark Green"]}},{"type":"tile","gaf":{"predicate":"Block.TextureTo","args":["Grass 2",{"x":0,"y":1,"z":0}]}},{"type":"tile","gaf":{"predicate":"Block.ScaleTo","args":[{"x":81,"y":14,"z":88}]}},{"type":"tile","gaf":{"predicate":"Block.PaintTo","args":["Dark Bley",1]}},{"type":"tile","gaf":{"predicate":"Block.TextureTo","args":["Rock",{"x":1,"y":0.5,"z":-0.5},1]}},{"type":"tile","gaf":{"predicate":"Block.PaintTo","args":["Grey",2]}},{"type":"tile","gaf":{"predicate":"Block.TextureTo","args":["Rock",{"x":0.5,"y":1,"z":0},2]}}],[{"type":"tile","gaf":{"predicate":"Meta.Then","args":[]}}]]},
  {"tile-rows":[[{"type":"tile","gaf":{"predicate":"Meta.Stop","args":[]}},{"type":"tile","gaf":{"predicate":"Block.Create","args":["Terrain Ground 01"]}},{"type":"tile","gaf":{"predicate":"Block.MoveTo","args":[{"x":94,"y":0,"z":-35}]}},{"type":"tile","gaf":{"predicate":"Block.RotateTo","args":[{"x":0,"y":90,"z":0}]}},{"type":"tile","gaf":{"predicate":"Block.PaintTo","args":["Dark Yellow Green"]}},{"type":"tile","gaf":{"predicate":"Block.TextureTo","args":["Grass",{"x":0,"y":1,"z":0}]}},{"type":"tile","gaf":{"predicate":"Block.ScaleTo","args":[{"x":113,"y":13,"z":121}]}},{"type":"tile","gaf":{"predicate":"Block.PaintTo","args":["Gingerbread Brown",1]}},{"type":"tile","gaf":{"predicate":"Block.TextureTo","args":["Sand",{"x":1,"y":0,"z":0.5},1]}},{"type":"tile","gaf":{"predicate":"Block.PaintTo","args":["Light Ginger",2]}},{"type":"tile","gaf":{"predicate":"Block.TextureTo","args":["Sand",{"x":0.5,"y":0.5,"z":0.5},2]}}],[{"type":"tile","gaf":{"predicate":"Meta.Then","args":[]}}]]},
  {"tile-rows":[[{"type":"tile","gaf":{"predicate":"Meta.Stop","args":[]}},{"type":"tile","gaf":{"predicate":"Block.Create","args":["Terrain Mountain Road"]}},{"type":"tile","gaf":{"predicate":"Block.MoveTo","args":[{"x":143,"y":9.5,"z":11}]}},{"type":"tile","gaf":{"predicate":"Block.RotateTo","args":[{"x":0,"y":90,"z":0}]}},{"type":"tile","gaf":{"predicate":"Block.PaintTo","args":["Light Ginger"]}},{"type":"tile","gaf":{"predicate":"Block.TextureTo","args":["Sand",{"x":0,"y":1,"z":0}]}},{"type":"tile","gaf":{"predicate":"Block.ScaleTo","args":[{"x":129,"y":34,"z":127}]}},{"type":"tile","gaf":{"predicate":"Block.PaintTo","args":["Dark Yellow Green",1]}},{"type":"tile","gaf":{"predicate":"Block.TextureTo","args":["Grass",{"x":0,"y":1,"z":0},1]}},{"type":"tile","gaf":{"predicate":"Block.PaintTo","args":["Grey",2]}},{"type":"tile","gaf":{"predicate":"Block.TextureTo","args":["Rock",{"x":1,"y":0,"z":0.5},2]}}],[{"type":"tile","gaf":{"predicate":"Meta.Then","args":[]}}]]},
  {"tile-rows":[[{"type":"tile","gaf":{"predicate":"Meta.Stop","args":[]}},{"type":"tile","gaf":{"predicate":"Block.Create","args":["Terrain Rock Group 01"]}},{"type":"tile","gaf":{"predicate":"Block.MoveTo","args":[{"x":-168,"y":19.5,"z":-24}]}},{"type":"tile","gaf":{"predicate":"Block.RotateTo","args":[{"x":0,"y":90,"z":0}]}},{"type":"tile","gaf":{"predicate":"Block.PaintTo","args":["Dark Yellow Green"]}},{"type":"tile","gaf":{"predicate":"Block.TextureTo","args":["Grass 2",{"x":0,"y":1,"z":0}]}},{"type":"tile","gaf":{"predicate":"Block.ScaleTo","args":[{"x":123,"y":74,"z":115}]}},{"type":"tile","gaf":{"predicate":"Block.PaintTo","args":["Grey",1]}},{"type":"tile","gaf":{"predicate":"Block.TextureTo","args":["Rock",{"x":1,"y":0,"z":0},1]}}],[{"type":"tile","gaf":{"predicate":"Meta.Then","args":[]}}]]},
  {"tile-rows":[[{"type":"tile","gaf":{"predicate":"Meta.Stop","args":[]}},{"type":"tile","gaf":{"predicate":"Block.Create","args":["Terrain Mountain Road"]}},{"type":"tile","gaf":{"predicate":"Block.MoveTo","args":[{"x":46,"y":14,"z":-196}]}},{"type":"tile","gaf":{"predicate":"Block.RotateTo","args":[{"x":0,"y":180,"z":0}]}},{"type":"tile","gaf":{"predicate":"Block.PaintTo","args":["Light Ginger"]}},{"type":"tile","gaf":{"predicate":"Block.TextureTo","args":["Sand",{"x":0,"y":1,"z":0}]}},{"type":"tile","gaf":{"predicate":"Block.ScaleTo","args":[{"x":49,"y":53,"z":41}]}},{"type":"tile","gaf":{"predicate":"Block.PaintTo","args":["Dark Yellow Green",1]}},{"type":"tile","gaf":{"predicate":"Block.TextureTo","args":["Grass",{"x":0,"y":1,"z":0},1]}},{"type":"tile","gaf":{"predicate":"Block.PaintTo","args":["Grey",2]}},{"type":"tile","gaf":{"predicate":"Block.TextureTo","args":["Rock",{"x":1,"y":0,"z":0.5},2]}}],[{"type":"tile","gaf":{"predicate":"Meta.Then","args":[]}}]]},
  {"tile-rows":[[{"type":"tile","gaf":{"predicate":"Meta.Stop","args":[]}},{"type":"tile","gaf":{"predicate":"Block.Create","args":["Terrain Ground 02"]}},{"type":"tile","gaf":{"predicate":"Block.MoveTo","args":[{"x":-59,"y":3,"z":8.5}]}},{"type":"tile","gaf":{"predicate":"Block.RotateTo","args":[{"x":0,"y":270,"z":0}]}},{"type":"tile","gaf":{"predicate":"Block.PaintTo","args":["Dark Green"]}},{"type":"tile","gaf":{"predicate":"Block.TextureTo","args":["Grass 2",{"x":0,"y":1,"z":0}]}},{"type":"tile","gaf":{"predicate":"Block.ScaleTo","args":[{"x":64,"y":25,"z":71}]}},{"type":"tile","gaf":{"predicate":"Block.PaintTo","args":["Dark Bley",1]}},{"type":"tile","gaf":{"predicate":"Block.TextureTo","args":["Rock",{"x":1,"y":0.5,"z":-0.5},1]}},{"type":"tile","gaf":{"predicate":"Block.PaintTo","args":["Grey",2]}},{"type":"tile","gaf":{"predicate":"Block.TextureTo","args":["Rock",{"x":0.5,"y":1,"z":0},2]}}],[{"type":"tile","gaf":{"predicate":"Meta.Then","args":[]}}]]},
  {"tile-rows":[[{"type":"tile","gaf":{"predicate":"Meta.Stop","args":[]}},{"type":"tile","gaf":{"predicate":"Block.Create","args":["Terrain Mountain 03"]}},{"type":"tile","gaf":{"predicate":"Block.MoveTo","args":[{"x":-111,"y":120,"z":-225}]}},{"type":"tile","gaf":{"predicate":"Block.RotateTo","args":[{"x":0,"y":180,"z":0}]}},{"type":"tile","gaf":{"predicate":"Block.PaintTo","args":["Grey"]}},{"type":"tile","gaf":{"predicate":"Block.TextureTo","args":["Rock",{"x":1,"y":0,"z":0}]}},{"type":"tile","gaf":{"predicate":"Block.ScaleTo","args":[{"x":151,"y":263,"z":127}]}},{"type":"tile","gaf":{"predicate":"Block.PaintTo","args":["Dark Green",1]}},{"type":"tile","gaf":{"predicate":"Block.TextureTo","args":["Grass 2",{"x":1,"y":0.5,"z":-0.5},1]}},{"type":"tile","gaf":{"predicate":"Block.PaintTo","args":["White",2]}},{"type":"tile","gaf":{"predicate":"Block.TextureTo","args":["Ice Material_Terrain",{"x":0.5,"y":0.5,"z":-1},2]}}],[{"type":"tile","gaf":{"predicate":"Meta.Then","args":[]}}]]},
  {"tile-rows":[[{"type":"tile","gaf":{"predicate":"Meta.Stop","args":[]}},{"type":"tile","gaf":{"predicate":"Block.Create","args":["Terrain Ground 01"]}},{"type":"tile","gaf":{"predicate":"Block.MoveTo","args":[{"x":-76.5,"y":1.5,"z":-78.5}]}},{"type":"tile","gaf":{"predicate":"Block.RotateTo","args":[{"x":0,"y":90,"z":0}]}},{"type":"tile","gaf":{"predicate":"Block.PaintTo","args":["Dark Yellow Green"]}},{"type":"tile","gaf":{"predicate":"Block.TextureTo","args":["Grass 2",{"x":0,"y":1,"z":0}]}},{"type":"tile","gaf":{"predicate":"Block.ScaleTo","args":[{"x":60,"y":16,"z":60}]}},{"type":"tile","gaf":{"predicate":"Block.PaintTo","args":["Dark Bley",1]}},{"type":"tile","gaf":{"predicate":"Block.TextureTo","args":["Plain",{"x":0,"y":1,"z":0},1]}},{"type":"tile","gaf":{"predicate":"Block.PaintTo","args":["Grey",2]}},{"type":"tile","gaf":{"predicate":"Block.TextureTo","args":["Plain",{"x":0,"y":1,"z":0},2]}}],[{"type":"tile","gaf":{"predicate":"Meta.Then","args":[]}}]]},
  {"tile-rows":[[{"type":"tile","gaf":{"predicate":"Meta.Stop","args":[]}},{"type":"tile","gaf":{"predicate":"Block.Create","args":["Terrain Ground 01"]}},{"type":"tile","gaf":{"predicate":"Block.MoveTo","args":[{"x":-28,"y":-1.5,"z":-98.5}]}},{"type":"tile","gaf":{"predicate":"Block.RotateTo","args":[{"x":0,"y":180,"z":0}]}},{"type":"tile","gaf":{"predicate":"Block.PaintTo","args":["Dark Yellow Green"]}},{"type":"tile","gaf":{"predicate":"Block.TextureTo","args":["Grass 2",{"x":0,"y":1,"z":0}]}},{"type":"tile","gaf":{"predicate":"Block.ScaleTo","args":[{"x":47,"y":10,"z":46}]}},{"type":"tile","gaf":{"predicate":"Block.PaintTo","args":["Dark Bley",1]}},{"type":"tile","gaf":{"predicate":"Block.TextureTo","args":["Plain",{"x":0,"y":1,"z":0},1]}},{"type":"tile","gaf":{"predicate":"Block.PaintTo","args":["Grey",2]}},{"type":"tile","gaf":{"predicate":"Block.TextureTo","args":["Plain",{"x":0,"y":1,"z":0},2]}}],[{"type":"tile","gaf":{"predicate":"Meta.Then","args":[]}}]]},
  {"tile-rows":[[{"type":"tile","gaf":{"predicate":"Meta.Stop","args":[]}},{"type":"tile","gaf":{"predicate":"Block.Create","args":["Wedge"]}},{"type":"tile","gaf":{"predicate":"Block.MoveTo","args":[{"x":-45,"y":5.5,"z":-85.5}]}},{"type":"tile","gaf":{"predicate":"Block.RotateTo","args":[{"x":0,"y":90,"z":0}]}},{"type":"tile","gaf":{"predicate":"Block.PaintTo","args":["Dark Ginger"]}},{"type":"tile","gaf":{"predicate":"Block.TextureTo","args":["Texture Logs",{"x":0,"y":1,"z":1}]}},{"type":"tile","gaf":{"predicate":"Block.ScaleTo","args":[{"x":4,"y":8,"z":23}]}}],[{"type":"tile","gaf":{"predicate":"Meta.Then","args":[]}}]]}
 ],
 "connections":[
  [],
  [],
  [],
  [],
  [],
  [],
  [],
  [],
  [],
  [],
  [],
  [],
  []
 ],
 "connectionTypes":[
  [],
  [],
  [],
  [],
  [],
  [],
  [],
  [],
  [],
  [],
  [],
  [],
  []
 ],
 "frozen-in-terrain":[1,1,0,0,0,0,0,0,0,0,0,0,1],
 "camera":{
  "rotation":{"x":0.0041,"y":0.48012,"z":-0.00224,"w":0.87718},
  "position":{"x":-84.14142,"y":14.01454,"z":-106.58399},
  "playDistance":143.00003,
  "playAngle":78.5
 },
 "camera-poses":[
  {"name":"Camera Reset Pose","position":{"x":-34.9957,"y":1.71939,"z":-90.56665},"direction":{"x":0.53139,"y":-0.3377,"z":0.77688}}
 ]
}