{
 "blocks":[
  {"tile-rows":[[{"type":"tile","gaf":{"predicate":"Meta.Stop","args":[]}},{"type":"tile","gaf":{"predicate":"Block.Create","args":["Sky Oz"]}},{"type":"tile","gaf":{"predicate":"Block.MoveTo","args":[{"x":0,"y":0,"z":0}]}},{"type":"tile","gaf":{"predicate":"Block.RotateTo","args":[{"x":0,"y":0,"z":0}]}},{"type":"tile","gaf":{"predicate":"Block.PaintTo","args":["Blue"]}},{"type":"tile","gaf":{"predicate":"Block.TextureTo","args":["Oz Sky",{"x":1,"y":0,"z":-1}]}},{"type":"tile","gaf":{"predicate":"Block.ScaleTo","args":[{"x":1,"y":1,"z":1}]}},{"type":"tile","gaf":{"predicate":"Block.SetFog","args":["200","400","Blue"]}},{"type":"tile","gaf":{"predicate":"Block.SetBackgroundMusic","args":["MusicFantasy"]}},{"type":"tile","gaf":{"predicate":"Sky.EnvEffect","args":["Clear"]}},{"type":"tile","gaf":{"predicate":"Sky.AddSphereLightChanger","args":["Dark",{"x":0.5,"y":0.5,"z":0.5},{"x":37,"y":30,"z":150},200,150]}},{"type":"tile","gaf":{"predicate":"Sky.SkyBoxTo","args":[0]}}],[{"type":"tile","gaf":{"predicate":"Meta.Then","args":[]}},{"type":"tile","gaf":{"predicate":"Sky.SetGravity","args":[{"x":0,"y":-20,"z":0}]}},{"type":"tile","gaf":{"predicate":"Block.Fixed","args":[]}}],[{"type":"tile","gaf":{"predicate":"Meta.Then","args":[]}}]]},
  {"tile-rows":[[{"type":"tile","gaf":{"predicate":"Meta.Stop","args":[]}},{"type":"tile","gaf":{"predicate":"Block.Create","args":["Terrain OZ EC Emerald"]}},{"type":"tile","gaf":{"predicate":"Block.MoveTo","args":[{"x":0,"y":0,"z":0}]}},{"type":"tile","gaf":{"predicate":"Block.RotateTo","args":[{"x":0,"y":0,"z":0}]}},{"type":"tile","gaf":{"predicate":"Block.PaintTo","args":["Green"]}},{"type":"tile","gaf":{"predicate":"Block.TextureTo","args":["Grass",{"x":0,"y":0,"z":0}]}},{"type":"tile","gaf":{"predicate":"Block.ScaleTo","args":[{"x":1,"y":1,"z":1}]}}],[{"type":"tile","gaf":{"predicate":"Meta.Then","args":[]}}]]},
  {"tile-rows":[[{"type":"tile","gaf":{"predicate":"Meta.Stop","args":[]}},{"type":"tile","gaf":{"predicate":"Block.Create","args":["Terrain OZ EC Rock"]}},{"type":"tile","gaf":{"predicate":"Block.MoveTo","args":[{"x":0,"y":0,"z":0}]}},{"type":"tile","gaf":{"predicate":"Block.RotateTo","args":[{"x":0,"y":0,"z":0}]}},{"type":"tile","gaf":{"predicate":"Block.PaintTo","args":["Grey"]}},{"type":"tile","gaf":{"predicate":"Block.TextureTo","args":["Rock",{"x":0,"y":0,"z":0}]}},{"type":"tile","gaf":{"predicate":"Block.ScaleTo","args":[{"x":1,"y":1,"z":1}]}}],[{"type":"tile","gaf":{"predicate":"Meta.Then","args":[]}}]]},
  {"tile-rows":[[{"type":"tile","gaf":{"predicate":"Meta.Stop","args":[]}},{"type":"tile","gaf":{"predicate":"Block.Create","args":["Terrain OZ Ground"]}},{"type":"tile","gaf":{"predicate":"Block.MoveTo","args":[{"x":0,"y":0,"z":0}]}},{"type":"tile","gaf":{"predicate":"Block.RotateTo","args":[{"x":0,"y":0,"z":0}]}},{"type":"tile","gaf":{"predicate":"Block.PaintTo","args":["Dark Green"]}},{"type":"tile","gaf":{"predicate":"Block.TextureTo","args":["Grass",{"x":0,"y":0,"z":0}]}},{"type":"tile","gaf":{"predicate":"Block.ScaleTo","args":[{"x":1,"y":1,"z":1}]}}],[{"type":"tile","gaf":{"predicate":"Meta.Then","args":[]}}]]},
  {"tile-rows":[[{"type":"tile","gaf":{"predicate":"Meta.Stop","args":[]}},{"type":"tile","gaf":{"predicate":"Block.Create","args":["Terrain OZ Sand"]}},{"type":"tile","gaf":{"predicate":"Block.MoveTo","args":[{"x":0,"y":0,"z":0}]}},{"type":"tile","gaf":{"predicate":"Block.RotateTo","args":[{"x":0,"y":0,"z":0}]}},{"type":"tile","gaf":{"predicate":"Block.PaintTo","args":["Beige"]}},{"type":"tile","gaf":{"predicate":"Block.TextureTo","args":["Grass",{"x":0,"y":0,"z":0}]}},{"type":"tile","gaf":{"predicate":"Block.ScaleTo","args":[{"x":1,"y":1,"z":1}]}}],[{"type":"tile","gaf":{"predicate":"Meta.Then","args":[]}}]]},
  {"tile-rows":[[{"type":"tile","gaf":{"predicate":"Meta.Stop","args":[]}},{"type":"tile","gaf":{"predicate":"Block.Create","args":["Terrain OZ EC Underwater"]}},{"type":"tile","gaf":{"predicate":"Block.MoveTo","args":[{"x":0,"y":0,"z":0}]}},{"type":"tile","gaf":{"predicate":"Block.RotateTo","args":[{"x":0,"y":0,"z":0}]}},{"type":"tile","gaf":{"predicate":"Block.PaintTo","args":["Grey"]}},{"type":"tile","gaf":{"predicate":"Block.TextureTo","args":["Rock",{"x":0,"y":0,"z":0}]}},{"type":"tile","gaf":{"predicate":"Block.ScaleTo","args":[{"x":1,"y":1,"z":1}]}}],[{"type":"tile","gaf":{"predicate":"Meta.Then","args":[]}}]]},
  {"tile-rows":[[{"type":"tile","gaf":{"predicate":"Meta.Stop","args":[]}},{"type":"tile","gaf":{"predicate":"Block.Create","args":["Terrain OZ JT Ground"]}},{"type":"tile","gaf":{"predicate":"Block.MoveTo","args":[{"x":0,"y":0,"z":0}]}},{"type":"tile","gaf":{"predicate":"Block.RotateTo","args":[{"x":0,"y":0,"z":0}]}},{"type":"tile","gaf":{"predicate":"Block.PaintTo","args":["Black"]}},{"type":"tile","gaf":{"predicate":"Block.TextureTo","args":["Rock",{"x":0,"y":0,"z":0}]}},{"type":"tile","gaf":{"predicate":"Block.ScaleTo","args":[{"x":1,"y":1,"z":1}]}}],[{"type":"tile","gaf":{"predicate":"Meta.Then","args":[]}}]]},
  {"tile-rows":[[{"type":"tile","gaf":{"predicate":"Meta.Stop","args":[]}},{"type":"tile","gaf":{"predicate":"Block.Create","args":["Terrain OZ JT Rock"]}},{"type":"tile","gaf":{"predicate":"Block.MoveTo","args":[{"x":0,"y":0,"z":0}]}},{"type":"tile","gaf":{"predicate":"Block.RotateTo","args":[{"x":0,"y":0,"z":0}]}},{"type":"tile","gaf":{"predicate":"Block.PaintTo","args":["Grey"]}},{"type":"tile","gaf":{"predicate":"Block.TextureTo","args":["Rock",{"x":0,"y":0,"z":0}]}},{"type":"tile","gaf":{"predicate":"Block.ScaleTo","args":[{"x":1,"y":1,"z":1}]}}],[{"type":"tile","gaf":{"predicate":"Meta.Then","args":[]}}]]},
  {"tile-rows":[[{"type":"tile","gaf":{"predicate":"Meta.Stop","args":[]}},{"type":"tile","gaf":{"predicate":"Block.Create","args":["Terrain OZ JT Rock Formation"]}},{"type":"tile","gaf":{"predicate":"Block.MoveTo","args":[{"x":0,"y":0,"z":0}]}},{"type":"tile","gaf":{"predicate":"Block.RotateTo","args":[{"x":0,"y":0,"z":0}]}},{"type":"tile","gaf":{"predicate":"Block.PaintTo","args":["Black"]}},{"type":"tile","gaf":{"predicate":"Block.TextureTo","args":["Rock",{"x":0,"y":0,"z":0}]}},{"type":"tile","gaf":{"predicate":"Block.ScaleTo","args":[{"x":1,"y":1,"z":1}]}}],[{"type":"tile","gaf":{"predicate":"Meta.Then","args":[]}}]]},
  {"tile-rows":[[{"type":"tile","gaf":{"predicate":"Meta.Stop","args":[]}},{"type":"tile","gaf":{"predicate":"Block.Create","args":["Terrain OZ JT Mountains"]}},{"type":"tile","gaf":{"predicate":"Block.MoveTo","args":[{"x":0,"y":0,"z":0}]}},{"type":"tile","gaf":{"predicate":"Block.RotateTo","args":[{"x":0,"y":0,"z":0}]}},{"type":"tile","gaf":{"predicate":"Block.PaintTo","args":["Black"]}},{"type":"tile","gaf":{"predicate":"Block.TextureTo","args":["Rock",{"x":0,"y":0,"z":0}]}},{"type":"tile","gaf":{"predicate":"Block.ScaleTo","args":[{"x":1,"y":1,"z":1}]}}],[{"type":"tile","gaf":{"predicate":"Meta.Then","args":[]}}]]},
  {"tile-rows":[[{"type":"tile","gaf":{"predicate":"Meta.Stop","args":[]}},{"type":"tile","gaf":{"predicate":"Block.Create","args":["Terrain OZ EC Main LightMesh"]}},{"type":"tile","gaf":{"predicate":"Block.MoveTo","args":[{"x":0,"y":0,"z":0}]}},{"type":"tile","gaf":{"predicate":"Block.RotateTo","args":[{"x":0,"y":0,"z":0}]}},{"type":"tile","gaf":{"predicate":"Block.PaintTo","args":["Green"]}},{"type":"tile","gaf":{"predicate":"Block.TextureTo","args":["Grass",{"x":0,"y":0,"z":0}]}},{"type":"tile","gaf":{"predicate":"Block.ScaleTo","args":[{"x":1,"y":1,"z":1}]}}],[{"type":"tile","gaf":{"predicate":"Meta.Then","args":[]}}]]},
  {"tile-rows":[[{"type":"tile","gaf":{"predicate":"Meta.Stop","args":[]}},{"type":"tile","gaf":{"predicate":"Block.Create","args":["Terrain OZ EC Main DarkMesh"]}},{"type":"tile","gaf":{"predicate":"Block.MoveTo","args":[{"x":0,"y":0,"z":0}]}},{"type":"tile","gaf":{"predicate":"Block.RotateTo","args":[{"x":0,"y":0,"z":0}]}},{"type":"tile","gaf":{"predicate":"Block.PaintTo","args":["Dark Green"]}},{"type":"tile","gaf":{"predicate":"Block.TextureTo","args":["Grass",{"x":0,"y":0,"z":0}]}},{"type":"tile","gaf":{"predicate":"Block.ScaleTo","args":[{"x":1,"y":1,"z":1}]}}],[{"type":"tile","gaf":{"predicate":"Meta.Then","args":[]}}]]},
  {"tile-rows":[[{"type":"tile","gaf":{"predicate":"Meta.Stop","args":[]}},{"type":"tile","gaf":{"predicate":"Block.Create","args":["Terrain OZ Road Dirt"]}},{"type":"tile","gaf":{"predicate":"Block.MoveTo","args":[{"x":0,"y":0,"z":0}]}},{"type":"tile","gaf":{"predicate":"Block.RotateTo","args":[{"x":0,"y":0,"z":0}]}},{"type":"tile","gaf":{"predicate":"Block.PaintTo","args":["Black"]}},{"type":"tile","gaf":{"predicate":"Block.TextureTo","args":["Rock",{"x":0,"y":1,"z":0}]}},{"type":"tile","gaf":{"predicate":"Block.ScaleTo","args":[{"x":1,"y":1,"z":1}]}}],[{"type":"tile","gaf":{"predicate":"Meta.Then","args":[]}}]]},
  {"tile-rows":[[{"type":"tile","gaf":{"predicate":"Meta.Stop","args":[]}},{"type":"tile","gaf":{"predicate":"Block.Create","args":["Terrain OZ Road Yellow"]}},{"type":"tile","gaf":{"predicate":"Block.MoveTo","args":[{"x":0,"y":0,"z":0}]}},{"type":"tile","gaf":{"predicate":"Block.RotateTo","args":[{"x":0,"y":0,"z":0}]}},{"type":"tile","gaf":{"predicate":"Block.PaintTo","args":["Yellow"]}},{"type":"tile","gaf":{"predicate":"Block.TextureTo","args":["Yellow Brick Road_Terrain",{"x":0,"y":0,"z":0}]}},{"type":"tile","gaf":{"predicate":"Block.ScaleTo","args":[{"x":1,"y":1,"z":1}]}}],[{"type":"tile","gaf":{"predicate":"Meta.Then","args":[]}}]]},
  {"tile-rows":[[{"type":"tile","gaf":{"predicate":"Meta.Stop","args":[]}},{"type":"tile","gaf":{"predicate":"Block.Create","args":["Terrain OZ Road Yellow Side"]}},{"type":"tile","gaf":{"predicate":"Block.MoveTo","args":[{"x":0,"y":0,"z":0}]}},{"type":"tile","gaf":{"predicate":"Block.RotateTo","args":[{"x":0,"y":0,"z":0}]}},{"type":"tile","gaf":{"predicate":"Block.PaintTo","args":["Yellow"]}},{"type":"tile","gaf":{"predicate":"Block.TextureTo","args":["Bricks",{"x":0,"y":0,"z":0}]}},{"type":"tile","gaf":{"predicate":"Block.ScaleTo","args":[{"x":1,"y":1,"z":1}]}}],[{"type":"tile","gaf":{"predicate":"Meta.Then","args":[]}}]]},
  {"tile-rows":[[{"type":"tile","gaf":{"predicate":"Meta.Stop","args":[]}},{"type":"tile","gaf":{"predicate":"Block.Create","args":["Terrain OZ Tree"]}},{"type":"tile","gaf":{"predicate":"Block.MoveTo","args":[{"x":0,"y":0,"z":0}]}},{"type":"tile","gaf":{"predicate":"Block.RotateTo","args":[{"x":0,"y":0,"z":0}]}},{"type":"tile","gaf":{"predicate":"Block.PaintTo","args":["Dark Green"]}},{"type":"tile","gaf":{"predicate":"Block.TextureTo","args":["Grass",{"x":0,"y":0,"z":0}]}},{"type":"tile","gaf":{"predicate":"Block.ScaleTo","args":[{"x":1,"y":1,"z":1}]}}],[{"type":"tile","gaf":{"predicate":"Meta.Then","args":[]}}]]},
  {"tile-rows":[[{"type":"tile","gaf":{"predicate":"Meta.Stop","args":[]}},{"type":"tile","gaf":{"predicate":"Block.Create","args":["Terrain OZ Tree Trunk"]}},{"type":"tile","gaf":{"predicate":"Block.MoveTo","args":[{"x":0,"y":0,"z":0}]}},{"type":"tile","gaf":{"predicate":"Block.RotateTo","args":[{"x":0,"y":0,"z":0}]}},{"type":"tile","gaf":{"predicate":"Block.PaintTo","args":["Brown"]}},{"type":"tile","gaf":{"predicate":"Block.TextureTo","args":["Rock",{"x":0,"y":0,"z":0}]}},{"type":"tile","gaf":{"predicate":"Block.ScaleTo","args":[{"x":1,"y":1,"z":1}]}}],[{"type":"tile","gaf":{"predicate":"Meta.Then","args":[]}}]]},
  {"tile-rows":[[{"type":"tile","gaf":{"predicate":"Meta.Stop","args":[]}},{"type":"tile","gaf":{"predicate":"Block.Create","args":["Terrain OZ Jesters Tower Walls"]}},{"type":"tile","gaf":{"predicate":"Block.MoveTo","args":[{"x":0,"y":0,"z":0}]}},{"type":"tile","gaf":{"predicate":"Block.RotateTo","args":[{"x":0,"y":0,"z":0}]}},{"type":"tile","gaf":{"predicate":"Block.PaintTo","args":["Black"]}},{"type":"tile","gaf":{"predicate":"Block.TextureTo","args":["Castle Wall",{"x":0,"y":0,"z":0}]}},{"type":"tile","gaf":{"predicate":"Block.ScaleTo","args":[{"x":1,"y":1,"z":1}]}}],[{"type":"tile","gaf":{"predicate":"Meta.Then","args":[]}}]]},
  {"tile-rows":[[{"type":"tile","gaf":{"predicate":"Meta.Stop","args":[]}},{"type":"tile","gaf":{"predicate":"Block.Create","args":["Terrain OZ Jesters Tower Crenellations"]}},{"type":"tile","gaf":{"predicate":"Block.MoveTo","args":[{"x":0,"y":0,"z":0}]}},{"type":"tile","gaf":{"predicate":"Block.RotateTo","args":[{"x":0,"y":0,"z":0}]}},{"type":"tile","gaf":{"predicate":"Block.PaintTo","args":["Black"]}},{"type":"tile","gaf":{"predicate":"Block.TextureTo","args":["Rock",{"x":0,"y":0,"z":0}]}},{"type":"tile","gaf":{"predicate":"Block.ScaleTo","args":[{"x":1,"y":1,"z":1}]}}],[{"type":"tile","gaf":{"predicate":"Meta.Then","args":[]}}]]},
  {"tile-rows":[[{"type":"tile","gaf":{"predicate":"Meta.Stop","args":[]}},{"type":"tile","gaf":{"predicate":"Block.Create","args":["Terrain OZ Jesters Tower Columns"]}},{"type":"tile","gaf":{"predicate":"Block.MoveTo","args":[{"x":0,"y":0,"z":0}]}},{"type":"tile","gaf":{"predicate":"Block.RotateTo","args":[{"x":0,"y":0,"z":0}]}},{"type":"tile","gaf":{"predicate":"Block.PaintTo","args":["Black"]}},{"type":"tile","gaf":{"predicate":"Block.TextureTo","args":["Castle Wall",{"x":0,"y":0,"z":0}]}},{"type":"tile","gaf":{"predicate":"Block.ScaleTo","args":[{"x":1,"y":1,"z":1}]}}],[{"type":"tile","gaf":{"predicate":"Meta.Then","args":[]}}]]},
  {"tile-rows":[[{"type":"tile","gaf":{"predicate":"Meta.Stop","args":[]}},{"type":"tile","gaf":{"predicate":"Block.Create","args":["Terrain OZ JT Purple"]}},{"type":"tile","gaf":{"predicate":"Block.MoveTo","args":[{"x":0,"y":0,"z":0}]}},{"type":"tile","gaf":{"predicate":"Block.RotateTo","args":[{"x":0,"y":0,"z":0}]}},{"type":"tile","gaf":{"predicate":"Block.PaintTo","args":["Purple"]}},{"type":"tile","gaf":{"predicate":"Block.TextureTo","args":["Rock",{"x":0,"y":0,"z":0}]}},{"type":"tile","gaf":{"predicate":"Block.ScaleTo","args":[{"x":1,"y":1,"z":1}]}}],[{"type":"tile","gaf":{"predicate":"Meta.Then","args":[]}}]]},
  {"tile-rows":[[{"type":"tile","gaf":{"predicate":"Meta.Stop","args":[]}},{"type":"tile","gaf":{"predicate":"Block.Create","args":["Water"]}},{"type":"tile","gaf":{"predicate":"Block.MoveTo","args":[{"x":0,"y":-3,"z":0}]}},{"type":"tile","gaf":{"predicate":"Block.RotateTo","args":[{"x":0,"y":0,"z":0}]}},{"type":"tile","gaf":{"predicate":"Block.PaintTo","args":["Green"]}},{"type":"tile","gaf":{"predicate":"Block.TextureTo","args":["Water",{"x":0,"y":1,"z":0}]}},{"type":"tile","gaf":{"predicate":"Block.ScaleTo","args":[{"x":2500,"y":1,"z":2500}]}},{"type":"tile","gaf":{"predicate":"Block.PaintTo","args":["Yellow",1]}},{"type":"tile","gaf":{"predicate":"Block.TextureTo","args":["Plain",{"x":0,"y":1,"z":0},1]}}],[{"type":"tile","gaf":{"predicate":"Meta.Then","args":[]}}]]},
  {"tile-rows":[[{"type":"tile","gaf":{"predicate":"Meta.Stop","args":[]}},{"type":"tile","gaf":{"predicate":"Block.Create","args":["Billboard Celestial Emissive"]}},{"type":"tile","gaf":{"predicate":"Block.MoveTo","args":[{"x":-400,"y":100,"z":100}]}},{"type":"tile","gaf":{"predicate":"Block.RotateTo","args":[{"x":0,"y":0,"z":0}]}},{"type":"tile","gaf":{"predicate":"Block.PaintTo","args":["White"]}},{"type":"tile","gaf":{"predicate":"Block.TextureTo","args":["Moon",{"x":0,"y":1,"z":0}]}},{"type":"tile","gaf":{"predicate":"Block.ScaleTo","args":[{"x":120,"y":120,"z":1}]}}],[{"type":"tile","gaf":{"predicate":"Meta.Then","args":[]}}]]},
  {"tile-rows":[[{"type":"tile","gaf":{"predicate":"Meta.Stop","args":[]}},{"type":"tile","gaf":{"predicate":"Block.Create","args":["Window"]}},{"type":"tile","gaf":{"predicate":"Block.MoveTo","args":[{"x":121.5,"y":1,"z":-72}]}},{"type":"tile","gaf":{"predicate":"Block.RotateTo","args":[{"x":0,"y":0,"z":0}]}},{"type":"tile","gaf":{"predicate":"Block.PaintTo","args":["Super Black"]}},{"type":"tile","gaf":{"predicate":"Block.TextureTo","args":["Plain",{"x":0,"y":0,"z":-1}]}},{"type":"tile","gaf":{"predicate":"Block.ScaleTo","args":[{"x":2,"y":1,"z":1}]}},{"type":"tile","gaf":{"predicate":"Block.PaintTo","args":["Super Black",1]}},{"type":"tile","gaf":{"predicate":"Block.TextureTo","args":["Plain",{"x":0,"y":0,"z":0},1]}}],[{"type":"tile","gaf":{"predicate":"Meta.Then","args":[]}}]]},
  {"tile-rows":[[{"type":"tile","gaf":{"predicate":"Meta.Stop","args":[]}},{"type":"tile","gaf":{"predicate":"Block.Create","args":["Window"]}},{"type":"tile","gaf":{"predicate":"Block.MoveTo","args":[{"x":121.5,"y":1,"z":-66}]}},{"type":"tile","gaf":{"predicate":"Block.RotateTo","args":[{"x":0,"y":180,"z":0}]}},{"type":"tile","gaf":{"predicate":"Block.PaintTo","args":["Super Black"]}},{"type":"tile","gaf":{"predicate":"Block.TextureTo","args":["Plain",{"x":0,"y":0,"z":-1}]}},{"type":"tile","gaf":{"predicate":"Block.ScaleTo","args":[{"x":2,"y":1,"z":1}]}},{"type":"tile","gaf":{"predicate":"Block.PaintTo","args":["Super Black",1]}},{"type":"tile","gaf":{"predicate":"Block.TextureTo","args":["Plain",{"x":0,"y":0,"z":0},1]}}],[{"type":"tile","gaf":{"predicate":"Meta.Then","args":[]}}]]},
  {"tile-rows":[[{"type":"tile","gaf":{"predicate":"Meta.Stop","args":[]}},{"type":"tile","gaf":{"predicate":"Block.Create","args":["Window"]}},{"type":"tile","gaf":{"predicate":"Block.MoveTo","args":[{"x":121,"y":1,"z":-70}]}},{"type":"tile","gaf":{"predicate":"Block.RotateTo","args":[{"x":0,"y":270,"z":0}]}},{"type":"tile","gaf":{"predicate":"Block.PaintTo","args":["Super Black"]}},{"type":"tile","gaf":{"predicate":"Block.TextureTo","args":["Texture Gingham",{"x":0,"y":0,"z":1}]}},{"type":"tile","gaf":{"predicate":"Block.ScaleTo","args":[{"x":1,"y":1,"z":1}]}},{"type":"tile","gaf":{"predicate":"Block.PaintTo","args":["Super Black",1]}},{"type":"tile","gaf":{"predicate":"Block.TextureTo","args":["Plain",{"x":0,"y":0,"z":0},1]}}],[{"type":"tile","gaf":{"predicate":"Meta.Then","args":[]}}]]},
  {"tile-rows":[[{"type":"tile","gaf":{"predicate":"Meta.Stop","args":[]}},{"type":"tile","gaf":{"predicate":"Block.Create","args":["Window"]}},{"type":"tile","gaf":{"predicate":"Block.MoveTo","args":[{"x":121,"y":1,"z":-67}]}},{"type":"tile","gaf":{"predicate":"Block.RotateTo","args":[{"x":0,"y":270,"z":0}]}},{"type":"tile","gaf":{"predicate":"Block.PaintTo","args":["Super Black"]}},{"type":"tile","gaf":{"predicate":"Block.TextureTo","args":["Plain",{"x":0,"y":0,"z":1}]}},{"type":"tile","gaf":{"predicate":"Block.ScaleTo","args":[{"x":1,"y":1,"z":1}]}},{"type":"tile","gaf":{"predicate":"Block.PaintTo","args":["Super Black",1]}},{"type":"tile","gaf":{"predicate":"Block.TextureTo","args":["Plain",{"x":0,"y":0,"z":0},1]}}],[{"type":"tile","gaf":{"predicate":"Meta.Then","args":[]}}]]},
  {"tile-rows":[[{"type":"tile","gaf":{"predicate":"Meta.Stop","args":[]}},{"type":"tile","gaf":{"predicate":"Block.Create","args":["Window"]}},{"type":"tile","gaf":{"predicate":"Block.MoveTo","args":[{"x":121,"y":1,"z":-68}]}},{"type":"tile","gaf":{"predicate":"Block.RotateTo","args":[{"x":0,"y":270,"z":0}]}},{"type":"tile","gaf":{"predicate":"Block.PaintTo","args":["Super Black"]}},{"type":"tile","gaf":{"predicate":"Block.TextureTo","args":["Texture Gingham",{"x":0,"y":0,"z":1}]}},{"type":"tile","gaf":{"predicate":"Block.ScaleTo","args":[{"x":1,"y":1,"z":1}]}},{"type":"tile","gaf":{"predicate":"Block.PaintTo","args":["Super Black",1]}},{"type":"tile","gaf":{"predicate":"Block.TextureTo","args":["Plain",{"x":0,"y":0,"z":0},1]}}],[{"type":"tile","gaf":{"predicate":"Meta.Then","args":[]}}]]},
  {"tile-rows":[[{"type":"tile","gaf":{"predicate":"Meta.Stop","args":[]}},{"type":"tile","gaf":{"predicate":"Block.Create","args":["Window"]}},{"type":"tile","gaf":{"predicate":"Block.MoveTo","args":[{"x":121,"y":1,"z":-71}]}},{"type":"tile","gaf":{"predicate":"Block.RotateTo","args":[{"x":0,"y":270,"z":0}]}},{"type":"tile","gaf":{"predicate":"Block.PaintTo","args":["Super Black"]}},{"type":"tile","gaf":{"predicate":"Block.TextureTo","args":["Plain",{"x":0,"y":0,"z":1}]}},{"type":"tile","gaf":{"predicate":"Block.ScaleTo","args":[{"x":1,"y":1,"z":1}]}},{"type":"tile","gaf":{"predicate":"Block.PaintTo","args":["Super Black",1]}},{"type":"tile","gaf":{"predicate":"Block.TextureTo","args":["Plain",{"x":0,"y":0,"z":0},1]}}],[{"type":"tile","gaf":{"predicate":"Meta.Then","args":[]}}]]},
  {"tile-rows":[[{"type":"tile","gaf":{"predicate":"Meta.Stop","args":[]}},{"type":"tile","gaf":{"predicate":"Block.Create","args":["Window Half"]}},{"type":"tile","gaf":{"predicate":"Block.MoveTo","args":[{"x":121,"y":1,"z":-69}]}},{"type":"tile","gaf":{"predicate":"Block.RotateTo","args":[{"x":0,"y":270,"z":180}]}},{"type":"tile","gaf":{"predicate":"Block.PaintTo","args":["Super Black"]}},{"type":"tile","gaf":{"predicate":"Block.TextureTo","args":["Plain",{"x":0,"y":0,"z":1}]}},{"type":"tile","gaf":{"predicate":"Block.ScaleTo","args":[{"x":1,"y":1,"z":1}]}},{"type":"tile","gaf":{"predicate":"Block.PaintTo","args":["Super Black",1]}},{"type":"tile","gaf":{"predicate":"Block.TextureTo","args":["Plain",{"x":0,"y":0,"z":0},1]}}],[{"type":"tile","gaf":{"predicate":"Meta.Then","args":[]}}]]},
  {"tile-rows":[[{"type":"tile","gaf":{"predicate":"Meta.Stop","args":[]}},{"type":"tile","gaf":{"predicate":"Block.Create","args":["Window Half"]}},{"type":"tile","gaf":{"predicate":"Block.MoveTo","args":[{"x":123.5,"y":1,"z":-72}]}},{"type":"tile","gaf":{"predicate":"Block.RotateTo","args":[{"x":0,"y":0,"z":180}]}},{"type":"tile","gaf":{"predicate":"Block.PaintTo","args":["Super Black"]}},{"type":"tile","gaf":{"predicate":"Block.TextureTo","args":["Plain",{"x":0,"y":0,"z":1}]}},{"type":"tile","gaf":{"predicate":"Block.ScaleTo","args":[{"x":2,"y":1,"z":1}]}},{"type":"tile","gaf":{"predicate":"Block.PaintTo","args":["Super Black",1]}},{"type":"tile","gaf":{"predicate":"Block.TextureTo","args":["Plain",{"x":0,"y":0,"z":0},1]}}],[{"type":"tile","gaf":{"predicate":"Meta.Then","args":[]}}]]},
  {"tile-rows":[[{"type":"tile","gaf":{"predicate":"Meta.Stop","args":[]}},{"type":"tile","gaf":{"predicate":"Block.Create","args":["Window Half"]}},{"type":"tile","gaf":{"predicate":"Block.MoveTo","args":[{"x":123.5,"y":1,"z":-66}]}},{"type":"tile","gaf":{"predicate":"Block.RotateTo","args":[{"x":0,"y":180,"z":180}]}},{"type":"tile","gaf":{"predicate":"Block.PaintTo","args":["Super Black"]}},{"type":"tile","gaf":{"predicate":"Block.TextureTo","args":["Plain",{"x":0,"y":0,"z":1}]}},{"type":"tile","gaf":{"predicate":"Block.ScaleTo","args":[{"x":2,"y":1,"z":1}]}},{"type":"tile","gaf":{"predicate":"Block.PaintTo","args":["Super Black",1]}},{"type":"tile","gaf":{"predicate":"Block.TextureTo","args":["Plain",{"x":0,"y":0,"z":0},1]}}],[{"type":"tile","gaf":{"predicate":"Meta.Then","args":[]}}]]},
  {"tile-rows":[[{"type":"tile","gaf":{"predicate":"Meta.Stop","args":[]}},{"type":"tile","gaf":{"predicate":"Block.Create","args":["Window"]}},{"type":"tile","gaf":{"predicate":"Block.MoveTo","args":[{"x":121,"y":0,"z":-67.5}]}},{"type":"tile","gaf":{"predicate":"Block.RotateTo","args":[{"x":0,"y":270,"z":0}]}},{"type":"tile","gaf":{"predicate":"Block.PaintTo","args":["Super Black"]}},{"type":"tile","gaf":{"predicate":"Block.TextureTo","args":["Plain",{"x":0,"y":0,"z":1}]}},{"type":"tile","gaf":{"predicate":"Block.ScaleTo","args":[{"x":2,"y":1,"z":1}]}},{"type":"tile","gaf":{"predicate":"Block.PaintTo","args":["Super Black",1]}},{"type":"tile","gaf":{"predicate":"Block.TextureTo","args":["Plain",{"x":0,"y":0,"z":0},1]}}],[{"type":"tile","gaf":{"predicate":"Meta.Then","args":[]}}]]},
  {"tile-rows":[[{"type":"tile","gaf":{"predicate":"Meta.Stop","args":[]}},{"type":"tile","gaf":{"predicate":"Block.Create","args":["Window"]}},{"type":"tile","gaf":{"predicate":"Block.MoveTo","args":[{"x":121,"y":0,"z":-70.5}]}},{"type":"tile","gaf":{"predicate":"Block.RotateTo","args":[{"x":0,"y":270,"z":0}]}},{"type":"tile","gaf":{"predicate":"Block.PaintTo","args":["Super Black"]}},{"type":"tile","gaf":{"predicate":"Block.TextureTo","args":["Plain",{"x":0,"y":0,"z":1}]}},{"type":"tile","gaf":{"predicate":"Block.ScaleTo","args":[{"x":2,"y":1,"z":1}]}},{"type":"tile","gaf":{"predicate":"Block.PaintTo","args":["Super Black",1]}},{"type":"tile","gaf":{"predicate":"Block.TextureTo","args":["Plain",{"x":0,"y":0,"z":0},1]}}],[{"type":"tile","gaf":{"predicate":"Meta.Then","args":[]}}]]},
  {"tile-rows":[[{"type":"tile","gaf":{"predicate":"Meta.Stop","args":[]}},{"type":"tile","gaf":{"predicate":"Block.Create","args":["Window"]}},{"type":"tile","gaf":{"predicate":"Block.MoveTo","args":[{"x":123,"y":1,"z":-68.5}]}},{"type":"tile","gaf":{"predicate":"Block.RotateTo","args":[{"x":0,"y":90,"z":0}]}},{"type":"tile","gaf":{"predicate":"Block.PaintTo","args":["Super Black"]}},{"type":"tile","gaf":{"predicate":"Block.TextureTo","args":["Plain",{"x":0,"y":0,"z":-1}]}},{"type":"tile","gaf":{"predicate":"Block.ScaleTo","args":[{"x":2,"y":1,"z":1}]}},{"type":"tile","gaf":{"predicate":"Block.PaintTo","args":["Super Black",1]}},{"type":"tile","gaf":{"predicate":"Block.TextureTo","args":["Plain",{"x":0,"y":0,"z":0},1]}}],[{"type":"tile","gaf":{"predicate":"Meta.Then","args":[]}}]]},
  {"tile-rows":[[{"type":"tile","gaf":{"predicate":"Meta.Stop","args":[]}},{"type":"tile","gaf":{"predicate":"Block.Create","args":["Window"]}},{"type":"tile","gaf":{"predicate":"Block.MoveTo","args":[{"x":129,"y":1,"z":-68.5}]}},{"type":"tile","gaf":{"predicate":"Block.RotateTo","args":[{"x":0,"y":270,"z":0}]}},{"type":"tile","gaf":{"predicate":"Block.PaintTo","args":["Super Black"]}},{"type":"tile","gaf":{"predicate":"Block.TextureTo","args":["Plain",{"x":0,"y":0,"z":-1}]}},{"type":"tile","gaf":{"predicate":"Block.ScaleTo","args":[{"x":2,"y":1,"z":1}]}},{"type":"tile","gaf":{"predicate":"Block.PaintTo","args":["Super Black",1]}},{"type":"tile","gaf":{"predicate":"Block.TextureTo","args":["Plain",{"x":0,"y":0,"z":0},1]}}],[{"type":"tile","gaf":{"predicate":"Meta.Then","args":[]}}]]},
  {"tile-rows":[[{"type":"tile","gaf":{"predicate":"Meta.Stop","args":[]}},{"type":"tile","gaf":{"predicate":"Block.Create","args":["Window"]}},{"type":"tile","gaf":{"predicate":"Block.MoveTo","args":[{"x":125,"y":1,"z":-68}]}},{"type":"tile","gaf":{"predicate":"Block.RotateTo","args":[{"x":0,"y":0,"z":0}]}},{"type":"tile","gaf":{"predicate":"Block.PaintTo","args":["Super Black"]}},{"type":"tile","gaf":{"predicate":"Block.TextureTo","args":["Texture Gingham",{"x":0,"y":0,"z":1}]}},{"type":"tile","gaf":{"predicate":"Block.ScaleTo","args":[{"x":1,"y":1,"z":1}]}},{"type":"tile","gaf":{"predicate":"Block.PaintTo","args":["Super Black",1]}},{"type":"tile","gaf":{"predicate":"Block.TextureTo","args":["Plain",{"x":0,"y":0,"z":0},1]}}],[{"type":"tile","gaf":{"predicate":"Meta.Then","args":[]}}]]},
  {"tile-rows":[[{"type":"tile","gaf":{"predicate":"Meta.Stop","args":[]}},{"type":"tile","gaf":{"predicate":"Block.Create","args":["Window"]}},{"type":"tile","gaf":{"predicate":"Block.MoveTo","args":[{"x":128,"y":1,"z":-68}]}},{"type":"tile","gaf":{"predicate":"Block.RotateTo","args":[{"x":0,"y":0,"z":0}]}},{"type":"tile","gaf":{"predicate":"Block.PaintTo","args":["Super Black"]}},{"type":"tile","gaf":{"predicate":"Block.TextureTo","args":["Plain",{"x":0,"y":0,"z":1}]}},{"type":"tile","gaf":{"predicate":"Block.ScaleTo","args":[{"x":1,"y":1,"z":1}]}},{"type":"tile","gaf":{"predicate":"Block.PaintTo","args":["Super Black",1]}},{"type":"tile","gaf":{"predicate":"Block.TextureTo","args":["Plain",{"x":0,"y":0,"z":0},1]}}],[{"type":"tile","gaf":{"predicate":"Meta.Then","args":[]}}]]},
  {"tile-rows":[[{"type":"tile","gaf":{"predicate":"Meta.Stop","args":[]}},{"type":"tile","gaf":{"predicate":"Block.Create","args":["Window"]}},{"type":"tile","gaf":{"predicate":"Block.MoveTo","args":[{"x":127,"y":1,"z":-68}]}},{"type":"tile","gaf":{"predicate":"Block.RotateTo","args":[{"x":0,"y":0,"z":0}]}},{"type":"tile","gaf":{"predicate":"Block.PaintTo","args":["Super Black"]}},{"type":"tile","gaf":{"predicate":"Block.TextureTo","args":["Texture Gingham",{"x":0,"y":0,"z":1}]}},{"type":"tile","gaf":{"predicate":"Block.ScaleTo","args":[{"x":1,"y":1,"z":1}]}},{"type":"tile","gaf":{"predicate":"Block.PaintTo","args":["Super Black",1]}},{"type":"tile","gaf":{"predicate":"Block.TextureTo","args":["Plain",{"x":0,"y":0,"z":0},1]}}],[{"type":"tile","gaf":{"predicate":"Meta.Then","args":[]}}]]},
  {"tile-rows":[[{"type":"tile","gaf":{"predicate":"Meta.Stop","args":[]}},{"type":"tile","gaf":{"predicate":"Block.Create","args":["Window"]}},{"type":"tile","gaf":{"predicate":"Block.MoveTo","args":[{"x":124,"y":1,"z":-68}]}},{"type":"tile","gaf":{"predicate":"Block.RotateTo","args":[{"x":0,"y":0,"z":0}]}},{"type":"tile","gaf":{"predicate":"Block.PaintTo","args":["Super Black"]}},{"type":"tile","gaf":{"predicate":"Block.TextureTo","args":["Plain",{"x":0,"y":0,"z":1}]}},{"type":"tile","gaf":{"predicate":"Block.ScaleTo","args":[{"x":1,"y":1,"z":1}]}},{"type":"tile","gaf":{"predicate":"Block.PaintTo","args":["Super Black",1]}},{"type":"tile","gaf":{"predicate":"Block.TextureTo","args":["Plain",{"x":0,"y":0,"z":0},1]}}],[{"type":"tile","gaf":{"predicate":"Meta.Then","args":[]}}]]},
  {"tile-rows":[[{"type":"tile","gaf":{"predicate":"Meta.Stop","args":[]}},{"type":"tile","gaf":{"predicate":"Block.Create","args":["Window Half"]}},{"type":"tile","gaf":{"predicate":"Block.MoveTo","args":[{"x":126,"y":1,"z":-68}]}},{"type":"tile","gaf":{"predicate":"Block.RotateTo","args":[{"x":0,"y":0,"z":180}]}},{"type":"tile","gaf":{"predicate":"Block.PaintTo","args":["Super Black"]}},{"type":"tile","gaf":{"predicate":"Block.TextureTo","args":["Plain",{"x":0,"y":0,"z":1}]}},{"type":"tile","gaf":{"predicate":"Block.ScaleTo","args":[{"x":1,"y":1,"z":1}]}},{"type":"tile","gaf":{"predicate":"Block.PaintTo","args":["Super Black",1]}},{"type":"tile","gaf":{"predicate":"Block.TextureTo","args":["Plain",{"x":0,"y":0,"z":0},1]}}],[{"type":"tile","gaf":{"predicate":"Meta.Then","args":[]}}]]},
  {"tile-rows":[[{"type":"tile","gaf":{"predicate":"Meta.Stop","args":[]}},{"type":"tile","gaf":{"predicate":"Block.Create","args":["Window Half"]}},{"type":"tile","gaf":{"predicate":"Block.MoveTo","args":[{"x":123,"y":1,"z":-70.5}]}},{"type":"tile","gaf":{"predicate":"Block.RotateTo","args":[{"x":0,"y":90,"z":180}]}},{"type":"tile","gaf":{"predicate":"Block.PaintTo","args":["Super Black"]}},{"type":"tile","gaf":{"predicate":"Block.TextureTo","args":["Plain",{"x":0,"y":0,"z":1}]}},{"type":"tile","gaf":{"predicate":"Block.ScaleTo","args":[{"x":2,"y":1,"z":1}]}},{"type":"tile","gaf":{"predicate":"Block.PaintTo","args":["Super Black",1]}},{"type":"tile","gaf":{"predicate":"Block.TextureTo","args":["Plain",{"x":0,"y":0,"z":0},1]}}],[{"type":"tile","gaf":{"predicate":"Meta.Then","args":[]}}]]},
  {"tile-rows":[[{"type":"tile","gaf":{"predicate":"Meta.Stop","args":[]}},{"type":"tile","gaf":{"predicate":"Block.Create","args":["Window Half"]}},{"type":"tile","gaf":{"predicate":"Block.MoveTo","args":[{"x":129,"y":1,"z":-70.5}]}},{"type":"tile","gaf":{"predicate":"Block.RotateTo","args":[{"x":0,"y":270,"z":180}]}},{"type":"tile","gaf":{"predicate":"Block.PaintTo","args":["Super Black"]}},{"type":"tile","gaf":{"predicate":"Block.TextureTo","args":["Plain",{"x":0,"y":0,"z":1}]}},{"type":"tile","gaf":{"predicate":"Block.ScaleTo","args":[{"x":2,"y":1,"z":1}]}},{"type":"tile","gaf":{"predicate":"Block.PaintTo","args":["Super Black",1]}},{"type":"tile","gaf":{"predicate":"Block.TextureTo","args":["Plain",{"x":0,"y":0,"z":0},1]}}],[{"type":"tile","gaf":{"predicate":"Meta.Then","args":[]}}]]},
  {"tile-rows":[[{"type":"tile","gaf":{"predicate":"Meta.Stop","args":[]}},{"type":"tile","gaf":{"predicate":"Block.Create","args":["Window"]}},{"type":"tile","gaf":{"predicate":"Block.MoveTo","args":[{"x":127.5,"y":0,"z":-68}]}},{"type":"tile","gaf":{"predicate":"Block.RotateTo","args":[{"x":0,"y":0,"z":0}]}},{"type":"tile","gaf":{"predicate":"Block.PaintTo","args":["Super Black"]}},{"type":"tile","gaf":{"predicate":"Block.TextureTo","args":["Plain",{"x":0,"y":0,"z":1}]}},{"type":"tile","gaf":{"predicate":"Block.ScaleTo","args":[{"x":2,"y":1,"z":1}]}},{"type":"tile","gaf":{"predicate":"Block.PaintTo","args":["Super Black",1]}},{"type":"tile","gaf":{"predicate":"Block.TextureTo","args":["Plain",{"x":0,"y":0,"z":0},1]}}],[{"type":"tile","gaf":{"predicate":"Meta.Then","args":[]}}]]},
  {"tile-rows":[[{"type":"tile","gaf":{"predicate":"Meta.Stop","args":[]}},{"type":"tile","gaf":{"predicate":"Block.Create","args":["Window"]}},{"type":"tile","gaf":{"predicate":"Block.MoveTo","args":[{"x":124.5,"y":0,"z":-68}]}},{"type":"tile","gaf":{"predicate":"Block.RotateTo","args":[{"x":0,"y":0,"z":0}]}},{"type":"tile","gaf":{"predicate":"Block.PaintTo","args":["Super Black"]}},{"type":"tile","gaf":{"predicate":"Block.TextureTo","args":["Plain",{"x":0,"y":0,"z":1}]}},{"type":"tile","gaf":{"predicate":"Block.ScaleTo","args":[{"x":2,"y":1,"z":1}]}},{"type":"tile","gaf":{"predicate":"Block.PaintTo","args":["Super Black",1]}},{"type":"tile","gaf":{"predicate":"Block.TextureTo","args":["Plain",{"x":0,"y":0,"z":0},1]}}],[{"type":"tile","gaf":{"predicate":"Meta.Then","args":[]}}]]},
  {"tile-rows":[[{"type":"tile","gaf":{"predicate":"Meta.Stop","args":[]}},{"type":"tile","gaf":{"predicate":"Block.Create","args":["Window"]}},{"type":"tile","gaf":{"predicate":"Block.MoveTo","args":[{"x":129,"y":1,"z":-79.5}]}},{"type":"tile","gaf":{"predicate":"Block.RotateTo","args":[{"x":0,"y":90,"z":0}]}},{"type":"tile","gaf":{"predicate":"Block.PaintTo","args":["Super Black"]}},{"type":"tile","gaf":{"predicate":"Block.TextureTo","args":["Plain",{"x":0,"y":0,"z":-1}]}},{"type":"tile","gaf":{"predicate":"Block.ScaleTo","args":[{"x":2,"y":1,"z":1}]}},{"type":"tile","gaf":{"predicate":"Block.PaintTo","args":["Super Black",1]}},{"type":"tile","gaf":{"predicate":"Block.TextureTo","args":["Plain",{"x":0,"y":0,"z":0},1]}}],[{"type":"tile","gaf":{"predicate":"Meta.Then","args":[]}}]]},
  {"tile-rows":[[{"type":"tile","gaf":{"predicate":"Meta.Stop","args":[]}},{"type":"tile","gaf":{"predicate":"Block.Create","args":["Window"]}},{"type":"tile","gaf":{"predicate":"Block.MoveTo","args":[{"x":135,"y":1,"z":-79.5}]}},{"type":"tile","gaf":{"predicate":"Block.RotateTo","args":[{"x":0,"y":270,"z":0}]}},{"type":"tile","gaf":{"predicate":"Block.PaintTo","args":["Super Black"]}},{"type":"tile","gaf":{"predicate":"Block.TextureTo","args":["Plain",{"x":0,"y":0,"z":-1}]}},{"type":"tile","gaf":{"predicate":"Block.ScaleTo","args":[{"x":2,"y":1,"z":1}]}},{"type":"tile","gaf":{"predicate":"Block.PaintTo","args":["Super Black",1]}},{"type":"tile","gaf":{"predicate":"Block.TextureTo","args":["Plain",{"x":0,"y":0,"z":0},1]}}],[{"type":"tile","gaf":{"predicate":"Meta.Then","args":[]}}]]},
  {"tile-rows":[[{"type":"tile","gaf":{"predicate":"Meta.Stop","args":[]}},{"type":"tile","gaf":{"predicate":"Block.Create","args":["Window"]}},{"type":"tile","gaf":{"predicate":"Block.MoveTo","args":[{"x":131,"y":1,"z":-79}]}},{"type":"tile","gaf":{"predicate":"Block.RotateTo","args":[{"x":0,"y":0,"z":0}]}},{"type":"tile","gaf":{"predicate":"Block.PaintTo","args":["Super Black"]}},{"type":"tile","gaf":{"predicate":"Block.TextureTo","args":["Texture Gingham",{"x":0,"y":0,"z":1}]}},{"type":"tile","gaf":{"predicate":"Block.ScaleTo","args":[{"x":1,"y":1,"z":1}]}},{"type":"tile","gaf":{"predicate":"Block.PaintTo","args":["Super Black",1]}},{"type":"tile","gaf":{"predicate":"Block.TextureTo","args":["Plain",{"x":0,"y":0,"z":0},1]}}],[{"type":"tile","gaf":{"predicate":"Meta.Then","args":[]}}]]},
  {"tile-rows":[[{"type":"tile","gaf":{"predicate":"Meta.Stop","args":[]}},{"type":"tile","gaf":{"predicate":"Block.Create","args":["Window"]}},{"type":"tile","gaf":{"predicate":"Block.MoveTo","args":[{"x":134,"y":1,"z":-79}]}},{"type":"tile","gaf":{"predicate":"Block.RotateTo","args":[{"x":0,"y":0,"z":0}]}},{"type":"tile","gaf":{"predicate":"Block.PaintTo","args":["Super Black"]}},{"type":"tile","gaf":{"predicate":"Block.TextureTo","args":["Plain",{"x":0,"y":0,"z":1}]}},{"type":"tile","gaf":{"predicate":"Block.ScaleTo","args":[{"x":1,"y":1,"z":1}]}},{"type":"tile","gaf":{"predicate":"Block.PaintTo","args":["Super Black",1]}},{"type":"tile","gaf":{"predicate":"Block.TextureTo","args":["Plain",{"x":0,"y":0,"z":0},1]}}],[{"type":"tile","gaf":{"predicate":"Meta.Then","args":[]}}]]},
  {"tile-rows":[[{"type":"tile","gaf":{"predicate":"Meta.Stop","args":[]}},{"type":"tile","gaf":{"predicate":"Block.Create","args":["Window"]}},{"type":"tile","gaf":{"predicate":"Block.MoveTo","args":[{"x":133,"y":1,"z":-79}]}},{"type":"tile","gaf":{"predicate":"Block.RotateTo","args":[{"x":0,"y":0,"z":0}]}},{"type":"tile","gaf":{"predicate":"Block.PaintTo","args":["Super Black"]}},{"type":"tile","gaf":{"predicate":"Block.TextureTo","args":["Texture Gingham",{"x":0,"y":0,"z":1}]}},{"type":"tile","gaf":{"predicate":"Block.ScaleTo","args":[{"x":1,"y":1,"z":1}]}},{"type":"tile","gaf":{"predicate":"Block.PaintTo","args":["Super Black",1]}},{"type":"tile","gaf":{"predicate":"Block.TextureTo","args":["Plain",{"x":0,"y":0,"z":0},1]}}],[{"type":"tile","gaf":{"predicate":"Meta.Then","args":[]}}]]},
  {"tile-rows":[[{"type":"tile","gaf":{"predicate":"Meta.Stop","args":[]}},{"type":"tile","gaf":{"predicate":"Block.Create","args":["Window"]}},{"type":"tile","gaf":{"predicate":"Block.MoveTo","args":[{"x":130,"y":1,"z":-79}]}},{"type":"tile","gaf":{"predicate":"Block.RotateTo","args":[{"x":0,"y":0,"z":0}]}},{"type":"tile","gaf":{"predicate":"Block.PaintTo","args":["Super Black"]}},{"type":"tile","gaf":{"predicate":"Block.TextureTo","args":["Plain",{"x":0,"y":0,"z":1}]}},{"type":"tile","gaf":{"predicate":"Block.ScaleTo","args":[{"x":1,"y":1,"z":1}]}},{"type":"tile","gaf":{"predicate":"Block.PaintTo","args":["Super Black",1]}},{"type":"tile","gaf":{"predicate":"Block.TextureTo","args":["Plain",{"x":0,"y":0,"z":0},1]}}],[{"type":"tile","gaf":{"predicate":"Meta.Then","args":[]}}]]},
  {"tile-rows":[[{"type":"tile","gaf":{"predicate":"Meta.Stop","args":[]}},{"type":"tile","gaf":{"predicate":"Block.Create","args":["Window Half"]}},{"type":"tile","gaf":{"predicate":"Block.MoveTo","args":[{"x":132,"y":1,"z":-79}]}},{"type":"tile","gaf":{"predicate":"Block.RotateTo","args":[{"x":0,"y":0,"z":180}]}},{"type":"tile","gaf":{"predicate":"Block.PaintTo","args":["Super Black"]}},{"type":"tile","gaf":{"predicate":"Block.TextureTo","args":["Plain",{"x":0,"y":0,"z":1}]}},{"type":"tile","gaf":{"predicate":"Block.ScaleTo","args":[{"x":1,"y":1,"z":1}]}},{"type":"tile","gaf":{"predicate":"Block.PaintTo","args":["Super Black",1]}},{"type":"tile","gaf":{"predicate":"Block.TextureTo","args":["Plain",{"x":0,"y":0,"z":0},1]}}],[{"type":"tile","gaf":{"predicate":"Meta.Then","args":[]}}]]},
  {"tile-rows":[[{"type":"tile","gaf":{"predicate":"Meta.Stop","args":[]}},{"type":"tile","gaf":{"predicate":"Block.Create","args":["Window Half"]}},{"type":"tile","gaf":{"predicate":"Block.MoveTo","args":[{"x":129,"y":1,"z":-81.5}]}},{"type":"tile","gaf":{"predicate":"Block.RotateTo","args":[{"x":0,"y":90,"z":180}]}},{"type":"tile","gaf":{"predicate":"Block.PaintTo","args":["Super Black"]}},{"type":"tile","gaf":{"predicate":"Block.TextureTo","args":["Plain",{"x":0,"y":0,"z":1}]}},{"type":"tile","gaf":{"predicate":"Block.ScaleTo","args":[{"x":2,"y":1,"z":1}]}},{"type":"tile","gaf":{"predicate":"Block.PaintTo","args":["Super Black",1]}},{"type":"tile","gaf":{"predicate":"Block.TextureTo","args":["Plain",{"x":0,"y":0,"z":0},1]}}],[{"type":"tile","gaf":{"predicate":"Meta.Then","args":[]}}]]},
  {"tile-rows":[[{"type":"tile","gaf":{"predicate":"Meta.Stop","args":[]}},{"type":"tile","gaf":{"predicate":"Block.Create","args":["Window Half"]}},{"type":"tile","gaf":{"predicate":"Block.MoveTo","args":[{"x":135,"y":1,"z":-81.5}]}},{"type":"tile","gaf":{"predicate":"Block.RotateTo","args":[{"x":0,"y":270,"z":180}]}},{"type":"tile","gaf":{"predicate":"Block.PaintTo","args":["Super Black"]}},{"type":"tile","gaf":{"predicate":"Block.TextureTo","args":["Plain",{"x":0,"y":0,"z":1}]}},{"type":"tile","gaf":{"predicate":"Block.ScaleTo","args":[{"x":2,"y":1,"z":1}]}},{"type":"tile","gaf":{"predicate":"Block.PaintTo","args":["Super Black",1]}},{"type":"tile","gaf":{"predicate":"Block.TextureTo","args":["Plain",{"x":0,"y":0,"z":0},1]}}],[{"type":"tile","gaf":{"predicate":"Meta.Then","args":[]}}]]},
  {"tile-rows":[[{"type":"tile","gaf":{"predicate":"Meta.Stop","args":[]}},{"type":"tile","gaf":{"predicate":"Block.Create","args":["Window"]}},{"type":"tile","gaf":{"predicate":"Block.MoveTo","args":[{"x":133.5,"y":0,"z":-79}]}},{"type":"tile","gaf":{"predicate":"Block.RotateTo","args":[{"x":0,"y":0,"z":0}]}},{"type":"tile","gaf":{"predicate":"Block.PaintTo","args":["Super Black"]}},{"type":"tile","gaf":{"predicate":"Block.TextureTo","args":["Plain",{"x":0,"y":0,"z":1}]}},{"type":"tile","gaf":{"predicate":"Block.ScaleTo","args":[{"x":2,"y":1,"z":1}]}},{"type":"tile","gaf":{"predicate":"Block.PaintTo","args":["Super Black",1]}},{"type":"tile","gaf":{"predicate":"Block.TextureTo","args":["Plain",{"x":0,"y":0,"z":0},1]}}],[{"type":"tile","gaf":{"predicate":"Meta.Then","args":[]}}]]},
  {"tile-rows":[[{"type":"tile","gaf":{"predicate":"Meta.Stop","args":[]}},{"type":"tile","gaf":{"predicate":"Block.Create","args":["Window"]}},{"type":"tile","gaf":{"predicate":"Block.MoveTo","args":[{"x":130.5,"y":0,"z":-79}]}},{"type":"tile","gaf":{"predicate":"Block.RotateTo","args":[{"x":0,"y":0,"z":0}]}},{"type":"tile","gaf":{"predicate":"Block.PaintTo","args":["Super Black"]}},{"type":"tile","gaf":{"predicate":"Block.TextureTo","args":["Plain",{"x":0,"y":0,"z":1}]}},{"type":"tile","gaf":{"predicate":"Block.ScaleTo","args":[{"x":2,"y":1,"z":1}]}},{"type":"tile","gaf":{"predicate":"Block.PaintTo","args":["Super Black",1]}},{"type":"tile","gaf":{"predicate":"Block.TextureTo","args":["Plain",{"x":0,"y":0,"z":0},1]}}],[{"type":"tile","gaf":{"predicate":"Meta.Then","args":[]}}]]},
  {"tile-rows":[[{"type":"tile","gaf":{"predicate":"Meta.Stop","args":[]}},{"type":"tile","gaf":{"predicate":"Block.Create","args":["Window"]}},{"type":"tile","gaf":{"predicate":"Block.MoveTo","args":[{"x":136,"y":1,"z":-75.5}]}},{"type":"tile","gaf":{"predicate":"Block.RotateTo","args":[{"x":0,"y":90,"z":0}]}},{"type":"tile","gaf":{"predicate":"Block.PaintTo","args":["Super Black"]}},{"type":"tile","gaf":{"predicate":"Block.TextureTo","args":["Plain",{"x":0,"y":0,"z":-1}]}},{"type":"tile","gaf":{"predicate":"Block.ScaleTo","args":[{"x":2,"y":1,"z":1}]}},{"type":"tile","gaf":{"predicate":"Block.PaintTo","args":["Super Black",1]}},{"type":"tile","gaf":{"predicate":"Block.TextureTo","args":["Plain",{"x":0,"y":0,"z":0},1]}}],[{"type":"tile","gaf":{"predicate":"Meta.Then","args":[]}}]]},
  {"tile-rows":[[{"type":"tile","gaf":{"predicate":"Meta.Stop","args":[]}},{"type":"tile","gaf":{"predicate":"Block.Create","args":["Window"]}},{"type":"tile","gaf":{"predicate":"Block.MoveTo","args":[{"x":142,"y":1,"z":-75.5}]}},{"type":"tile","gaf":{"predicate":"Block.RotateTo","args":[{"x":0,"y":270,"z":0}]}},{"type":"tile","gaf":{"predicate":"Block.PaintTo","args":["Super Black"]}},{"type":"tile","gaf":{"predicate":"Block.TextureTo","args":["Plain",{"x":0,"y":0,"z":-1}]}},{"type":"tile","gaf":{"predicate":"Block.ScaleTo","args":[{"x":2,"y":1,"z":1}]}},{"type":"tile","gaf":{"predicate":"Block.PaintTo","args":["Super Black",1]}},{"type":"tile","gaf":{"predicate":"Block.TextureTo","args":["Plain",{"x":0,"y":0,"z":0},1]}}],[{"type":"tile","gaf":{"predicate":"Meta.Then","args":[]}}]]},
  {"tile-rows":[[{"type":"tile","gaf":{"predicate":"Meta.Stop","args":[]}},{"type":"tile","gaf":{"predicate":"Block.Create","args":["Window"]}},{"type":"tile","gaf":{"predicate":"Block.MoveTo","args":[{"x":138,"y":1,"z":-75}]}},{"type":"tile","gaf":{"predicate":"Block.RotateTo","args":[{"x":0,"y":0,"z":0}]}},{"type":"tile","gaf":{"predicate":"Block.PaintTo","args":["Super Black"]}},{"type":"tile","gaf":{"predicate":"Block.TextureTo","args":["Texture Gingham",{"x":0,"y":0,"z":1}]}},{"type":"tile","gaf":{"predicate":"Block.ScaleTo","args":[{"x":1,"y":1,"z":1}]}},{"type":"tile","gaf":{"predicate":"Block.PaintTo","args":["Super Black",1]}},{"type":"tile","gaf":{"predicate":"Block.TextureTo","args":["Plain",{"x":0,"y":0,"z":0},1]}}],[{"type":"tile","gaf":{"predicate":"Meta.Then","args":[]}}]]},
  {"tile-rows":[[{"type":"tile","gaf":{"predicate":"Meta.Stop","args":[]}},{"type":"tile","gaf":{"predicate":"Block.Create","args":["Window"]}},{"type":"tile","gaf":{"predicate":"Block.MoveTo","args":[{"x":141,"y":1,"z":-75}]}},{"type":"tile","gaf":{"predicate":"Block.RotateTo","args":[{"x":0,"y":0,"z":0}]}},{"type":"tile","gaf":{"predicate":"Block.PaintTo","args":["Super Black"]}},{"type":"tile","gaf":{"predicate":"Block.TextureTo","args":["Plain",{"x":0,"y":0,"z":1}]}},{"type":"tile","gaf":{"predicate":"Block.ScaleTo","args":[{"x":1,"y":1,"z":1}]}},{"type":"tile","gaf":{"predicate":"Block.PaintTo","args":["Super Black",1]}},{"type":"tile","gaf":{"predicate":"Block.TextureTo","args":["Plain",{"x":0,"y":0,"z":0},1]}}],[{"type":"tile","gaf":{"predicate":"Meta.Then","args":[]}}]]},
  {"tile-rows":[[{"type":"tile","gaf":{"predicate":"Meta.Stop","args":[]}},{"type":"tile","gaf":{"predicate":"Block.Create","args":["Window"]}},{"type":"tile","gaf":{"predicate":"Block.MoveTo","args":[{"x":140,"y":1,"z":-75}]}},{"type":"tile","gaf":{"predicate":"Block.RotateTo","args":[{"x":0,"y":0,"z":0}]}},{"type":"tile","gaf":{"predicate":"Block.PaintTo","args":["Super Black"]}},{"type":"tile","gaf":{"predicate":"Block.TextureTo","args":["Texture Gingham",{"x":0,"y":0,"z":1}]}},{"type":"tile","gaf":{"predicate":"Block.ScaleTo","args":[{"x":1,"y":1,"z":1}]}},{"type":"tile","gaf":{"predicate":"Block.PaintTo","args":["Super Black",1]}},{"type":"tile","gaf":{"predicate":"Block.TextureTo","args":["Plain",{"x":0,"y":0,"z":0},1]}}],[{"type":"tile","gaf":{"predicate":"Meta.Then","args":[]}}]]},
  {"tile-rows":[[{"type":"tile","gaf":{"predicate":"Meta.Stop","args":[]}},{"type":"tile","gaf":{"predicate":"Block.Create","args":["Window"]}},{"type":"tile","gaf":{"predicate":"Block.MoveTo","args":[{"x":137,"y":1,"z":-75}]}},{"type":"tile","gaf":{"predicate":"Block.RotateTo","args":[{"x":0,"y":0,"z":0}]}},{"type":"tile","gaf":{"predicate":"Block.PaintTo","args":["Super Black"]}},{"type":"tile","gaf":{"predicate":"Block.TextureTo","args":["Plain",{"x":0,"y":0,"z":1}]}},{"type":"tile","gaf":{"predicate":"Block.ScaleTo","args":[{"x":1,"y":1,"z":1}]}},{"type":"tile","gaf":{"predicate":"Block.PaintTo","args":["Super Black",1]}},{"type":"tile","gaf":{"predicate":"Block.TextureTo","args":["Plain",{"x":0,"y":0,"z":0},1]}}],[{"type":"tile","gaf":{"predicate":"Meta.Then","args":[]}}]]},
  {"tile-rows":[[{"type":"tile","gaf":{"predicate":"Meta.Stop","args":[]}},{"type":"tile","gaf":{"predicate":"Block.Create","args":["Window Half"]}},{"type":"tile","gaf":{"predicate":"Block.MoveTo","args":[{"x":139,"y":1,"z":-75}]}},{"type":"tile","gaf":{"predicate":"Block.RotateTo","args":[{"x":0,"y":0,"z":180}]}},{"type":"tile","gaf":{"predicate":"Block.PaintTo","args":["Super Black"]}},{"type":"tile","gaf":{"predicate":"Block.TextureTo","args":["Plain",{"x":0,"y":0,"z":1}]}},{"type":"tile","gaf":{"predicate":"Block.ScaleTo","args":[{"x":1,"y":1,"z":1}]}},{"type":"tile","gaf":{"predicate":"Block.PaintTo","args":["Super Black",1]}},{"type":"tile","gaf":{"predicate":"Block.TextureTo","args":["Plain",{"x":0,"y":0,"z":0},1]}}],[{"type":"tile","gaf":{"predicate":"Meta.Then","args":[]}}]]},
  {"tile-rows":[[{"type":"tile","gaf":{"predicate":"Meta.Stop","args":[]}},{"type":"tile","gaf":{"predicate":"Block.Create","args":["Window Half"]}},{"type":"tile","gaf":{"predicate":"Block.MoveTo","args":[{"x":136,"y":1,"z":-77.5}]}},{"type":"tile","gaf":{"predicate":"Block.RotateTo","args":[{"x":0,"y":90,"z":180}]}},{"type":"tile","gaf":{"predicate":"Block.PaintTo","args":["Super Black"]}},{"type":"tile","gaf":{"predicate":"Block.TextureTo","args":["Plain",{"x":0,"y":0,"z":1}]}},{"type":"tile","gaf":{"predicate":"Block.ScaleTo","args":[{"x":2,"y":1,"z":1}]}},{"type":"tile","gaf":{"predicate":"Block.PaintTo","args":["Super Black",1]}},{"type":"tile","gaf":{"predicate":"Block.TextureTo","args":["Plain",{"x":0,"y":0,"z":0},1]}}],[{"type":"tile","gaf":{"predicate":"Meta.Then","args":[]}}]]},
  {"tile-rows":[[{"type":"tile","gaf":{"predicate":"Meta.Stop","args":[]}},{"type":"tile","gaf":{"predicate":"Block.Create","args":["Window Half"]}},{"type":"tile","gaf":{"predicate":"Block.MoveTo","args":[{"x":142,"y":1,"z":-77.5}]}},{"type":"tile","gaf":{"predicate":"Block.RotateTo","args":[{"x":0,"y":270,"z":180}]}},{"type":"tile","gaf":{"predicate":"Block.PaintTo","args":["Super Black"]}},{"type":"tile","gaf":{"predicate":"Block.TextureTo","args":["Plain",{"x":0,"y":0,"z":1}]}},{"type":"tile","gaf":{"predicate":"Block.ScaleTo","args":[{"x":2,"y":1,"z":1}]}},{"type":"tile","gaf":{"predicate":"Block.PaintTo","args":["Super Black",1]}},{"type":"tile","gaf":{"predicate":"Block.TextureTo","args":["Plain",{"x":0,"y":0,"z":0},1]}}],[{"type":"tile","gaf":{"predicate":"Meta.Then","args":[]}}]]},
  {"tile-rows":[[{"type":"tile","gaf":{"predicate":"Meta.Stop","args":[]}},{"type":"tile","gaf":{"predicate":"Block.Create","args":["Window"]}},{"type":"tile","gaf":{"predicate":"Block.MoveTo","args":[{"x":140.5,"y":0,"z":-75}]}},{"type":"tile","gaf":{"predicate":"Block.RotateTo","args":[{"x":0,"y":0,"z":0}]}},{"type":"tile","gaf":{"predicate":"Block.PaintTo","args":["Super Black"]}},{"type":"tile","gaf":{"predicate":"Block.TextureTo","args":["Plain",{"x":0,"y":0,"z":1}]}},{"type":"tile","gaf":{"predicate":"Block.ScaleTo","args":[{"x":2,"y":1,"z":1}]}},{"type":"tile","gaf":{"predicate":"Block.PaintTo","args":["Super Black",1]}},{"type":"tile","gaf":{"predicate":"Block.TextureTo","args":["Plain",{"x":0,"y":0,"z":0},1]}}],[{"type":"tile","gaf":{"predicate":"Meta.Then","args":[]}}]]},
  {"tile-rows":[[{"type":"tile","gaf":{"predicate":"Meta.Stop","args":[]}},{"type":"tile","gaf":{"predicate":"Block.Create","args":["Window"]}},{"type":"tile","gaf":{"predicate":"Block.MoveTo","args":[{"x":137.5,"y":0,"z":-75}]}},{"type":"tile","gaf":{"predicate":"Block.RotateTo","args":[{"x":0,"y":0,"z":0}]}},{"type":"tile","gaf":{"predicate":"Block.PaintTo","args":["Super Black"]}},{"type":"tile","gaf":{"predicate":"Block.TextureTo","args":["Plain",{"x":0,"y":0,"z":1}]}},{"type":"tile","gaf":{"predicate":"Block.ScaleTo","args":[{"x":2,"y":1,"z":1}]}},{"type":"tile","gaf":{"predicate":"Block.PaintTo","args":["Super Black",1]}},{"type":"tile","gaf":{"predicate":"Block.TextureTo","args":["Plain",{"x":0,"y":0,"z":0},1]}}],[{"type":"tile","gaf":{"predicate":"Meta.Then","args":[]}}]]},
  {"tile-rows":[[{"type":"tile","gaf":{"predicate":"Meta.Stop","args":[]}},{"type":"tile","gaf":{"predicate":"Block.Create","args":["Window"]}},{"type":"tile","gaf":{"predicate":"Block.MoveTo","args":[{"x":132,"y":1,"z":-67.5}]}},{"type":"tile","gaf":{"predicate":"Block.RotateTo","args":[{"x":0,"y":90,"z":0}]}},{"type":"tile","gaf":{"predicate":"Block.PaintTo","args":["Super Black"]}},{"type":"tile","gaf":{"predicate":"Block.TextureTo","args":["Plain",{"x":0,"y":0,"z":-1}]}},{"type":"tile","gaf":{"predicate":"Block.ScaleTo","args":[{"x":2,"y":1,"z":1}]}},{"type":"tile","gaf":{"predicate":"Block.PaintTo","args":["Super Black",1]}},{"type":"tile","gaf":{"predicate":"Block.TextureTo","args":["Plain",{"x":0,"y":0,"z":0},1]}}],[{"type":"tile","gaf":{"predicate":"Meta.Then","args":[]}}]]},
  {"tile-rows":[[{"type":"tile","gaf":{"predicate":"Meta.Stop","args":[]}},{"type":"tile","gaf":{"predicate":"Block.Create","args":["Window"]}},{"type":"tile","gaf":{"predicate":"Block.MoveTo","args":[{"x":138,"y":1,"z":-67.5}]}},{"type":"tile","gaf":{"predicate":"Block.RotateTo","args":[{"x":0,"y":270,"z":0}]}},{"type":"tile","gaf":{"predicate":"Block.PaintTo","args":["Super Black"]}},{"type":"tile","gaf":{"predicate":"Block.TextureTo","args":["Plain",{"x":0,"y":0,"z":-1}]}},{"type":"tile","gaf":{"predicate":"Block.ScaleTo","args":[{"x":2,"y":1,"z":1}]}},{"type":"tile","gaf":{"predicate":"Block.PaintTo","args":["Super Black",1]}},{"type":"tile","gaf":{"predicate":"Block.TextureTo","args":["Plain",{"x":0,"y":0,"z":0},1]}}],[{"type":"tile","gaf":{"predicate":"Meta.Then","args":[]}}]]},
  {"tile-rows":[[{"type":"tile","gaf":{"predicate":"Meta.Stop","args":[]}},{"type":"tile","gaf":{"predicate":"Block.Create","args":["Window"]}},{"type":"tile","gaf":{"predicate":"Block.MoveTo","args":[{"x":134,"y":1,"z":-67}]}},{"type":"tile","gaf":{"predicate":"Block.RotateTo","args":[{"x":0,"y":0,"z":0}]}},{"type":"tile","gaf":{"predicate":"Block.PaintTo","args":["Super Black"]}},{"type":"tile","gaf":{"predicate":"Block.TextureTo","args":["Texture Gingham",{"x":0,"y":0,"z":1}]}},{"type":"tile","gaf":{"predicate":"Block.ScaleTo","args":[{"x":1,"y":1,"z":1}]}},{"type":"tile","gaf":{"predicate":"Block.PaintTo","args":["Super Black",1]}},{"type":"tile","gaf":{"predicate":"Block.TextureTo","args":["Plain",{"x":0,"y":0,"z":0},1]}}],[{"type":"tile","gaf":{"predicate":"Meta.Then","args":[]}}]]},
  {"tile-rows":[[{"type":"tile","gaf":{"predicate":"Meta.Stop","args":[]}},{"type":"tile","gaf":{"predicate":"Block.Create","args":["Window"]}},{"type":"tile","gaf":{"predicate":"Block.MoveTo","args":[{"x":137,"y":1,"z":-67}]}},{"type":"tile","gaf":{"predicate":"Block.RotateTo","args":[{"x":0,"y":0,"z":0}]}},{"type":"tile","gaf":{"predicate":"Block.PaintTo","args":["Super Black"]}},{"type":"tile","gaf":{"predicate":"Block.TextureTo","args":["Plain",{"x":0,"y":0,"z":1}]}},{"type":"tile","gaf":{"predicate":"Block.ScaleTo","args":[{"x":1,"y":1,"z":1}]}},{"type":"tile","gaf":{"predicate":"Block.PaintTo","args":["Super Black",1]}},{"type":"tile","gaf":{"predicate":"Block.TextureTo","args":["Plain",{"x":0,"y":0,"z":0},1]}}],[{"type":"tile","gaf":{"predicate":"Meta.Then","args":[]}}]]},
  {"tile-rows":[[{"type":"tile","gaf":{"predicate":"Meta.Stop","args":[]}},{"type":"tile","gaf":{"predicate":"Block.Create","args":["Window"]}},{"type":"tile","gaf":{"predicate":"Block.MoveTo","args":[{"x":136,"y":1,"z":-67}]}},{"type":"tile","gaf":{"predicate":"Block.RotateTo","args":[{"x":0,"y":0,"z":0}]}},{"type":"tile","gaf":{"predicate":"Block.PaintTo","args":["Super Black"]}},{"type":"tile","gaf":{"predicate":"Block.TextureTo","args":["Texture Gingham",{"x":0,"y":0,"z":1}]}},{"type":"tile","gaf":{"predicate":"Block.ScaleTo","args":[{"x":1,"y":1,"z":1}]}},{"type":"tile","gaf":{"predicate":"Block.PaintTo","args":["Super Black",1]}},{"type":"tile","gaf":{"predicate":"Block.TextureTo","args":["Plain",{"x":0,"y":0,"z":0},1]}}],[{"type":"tile","gaf":{"predicate":"Meta.Then","args":[]}}]]},
  {"tile-rows":[[{"type":"tile","gaf":{"predicate":"Meta.Stop","args":[]}},{"type":"tile","gaf":{"predicate":"Block.Create","args":["Window"]}},{"type":"tile","gaf":{"predicate":"Block.MoveTo","args":[{"x":133,"y":1,"z":-67}]}},{"type":"tile","gaf":{"predicate":"Block.RotateTo","args":[{"x":0,"y":0,"z":0}]}},{"type":"tile","gaf":{"predicate":"Block.PaintTo","args":["Super Black"]}},{"type":"tile","gaf":{"predicate":"Block.TextureTo","args":["Plain",{"x":0,"y":0,"z":1}]}},{"type":"tile","gaf":{"predicate":"Block.ScaleTo","args":[{"x":1,"y":1,"z":1}]}},{"type":"tile","gaf":{"predicate":"Block.PaintTo","args":["Super Black",1]}},{"type":"tile","gaf":{"predicate":"Block.TextureTo","args":["Plain",{"x":0,"y":0,"z":0},1]}}],[{"type":"tile","gaf":{"predicate":"Meta.Then","args":[]}}]]},
  {"tile-rows":[[{"type":"tile","gaf":{"predicate":"Meta.Stop","args":[]}},{"type":"tile","gaf":{"predicate":"Block.Create","args":["Window Half"]}},{"type":"tile","gaf":{"predicate":"Block.MoveTo","args":[{"x":135,"y":1,"z":-67}]}},{"type":"tile","gaf":{"predicate":"Block.RotateTo","args":[{"x":0,"y":0,"z":180}]}},{"type":"tile","gaf":{"predicate":"Block.PaintTo","args":["Super Black"]}},{"type":"tile","gaf":{"predicate":"Block.TextureTo","args":["Plain",{"x":0,"y":0,"z":1}]}},{"type":"tile","gaf":{"predicate":"Block.ScaleTo","args":[{"x":1,"y":1,"z":1}]}},{"type":"tile","gaf":{"predicate":"Block.PaintTo","args":["Super Black",1]}},{"type":"tile","gaf":{"predicate":"Block.TextureTo","args":["Plain",{"x":0,"y":0,"z":0},1]}}],[{"type":"tile","gaf":{"predicate":"Meta.Then","args":[]}}]]},
  {"tile-rows":[[{"type":"tile","gaf":{"predicate":"Meta.Stop","args":[]}},{"type":"tile","gaf":{"predicate":"Block.Create","args":["Window Half"]}},{"type":"tile","gaf":{"predicate":"Block.MoveTo","args":[{"x":132,"y":1,"z":-69.5}]}},{"type":"tile","gaf":{"predicate":"Block.RotateTo","args":[{"x":0,"y":90,"z":180}]}},{"type":"tile","gaf":{"predicate":"Block.PaintTo","args":["Super Black"]}},{"type":"tile","gaf":{"predicate":"Block.TextureTo","args":["Plain",{"x":0,"y":0,"z":1}]}},{"type":"tile","gaf":{"predicate":"Block.ScaleTo","args":[{"x":2,"y":1,"z":1}]}},{"type":"tile","gaf":{"predicate":"Block.PaintTo","args":["Super Black",1]}},{"type":"tile","gaf":{"predicate":"Block.TextureTo","args":["Plain",{"x":0,"y":0,"z":0},1]}}],[{"type":"tile","gaf":{"predicate":"Meta.Then","args":[]}}]]},
  {"tile-rows":[[{"type":"tile","gaf":{"predicate":"Meta.Stop","args":[]}},{"type":"tile","gaf":{"predicate":"Block.Create","args":["Window Half"]}},{"type":"tile","gaf":{"predicate":"Block.MoveTo","args":[{"x":138,"y":1,"z":-69.5}]}},{"type":"tile","gaf":{"predicate":"Block.RotateTo","args":[{"x":0,"y":270,"z":180}]}},{"type":"tile","gaf":{"predicate":"Block.PaintTo","args":["Super Black"]}},{"type":"tile","gaf":{"predicate":"Block.TextureTo","args":["Plain",{"x":0,"y":0,"z":1}]}},{"type":"tile","gaf":{"predicate":"Block.ScaleTo","args":[{"x":2,"y":1,"z":1}]}},{"type":"tile","gaf":{"predicate":"Block.PaintTo","args":["Super Black",1]}},{"type":"tile","gaf":{"predicate":"Block.TextureTo","args":["Plain",{"x":0,"y":0,"z":0},1]}}],[{"type":"tile","gaf":{"predicate":"Meta.Then","args":[]}}]]},
  {"tile-rows":[[{"type":"tile","gaf":{"predicate":"Meta.Stop","args":[]}},{"type":"tile","gaf":{"predicate":"Block.Create","args":["Window"]}},{"type":"tile","gaf":{"predicate":"Block.MoveTo","args":[{"x":136.5,"y":0,"z":-67}]}},{"type":"tile","gaf":{"predicate":"Block.RotateTo","args":[{"x":0,"y":0,"z":0}]}},{"type":"tile","gaf":{"predicate":"Block.PaintTo","args":["Super Black"]}},{"type":"tile","gaf":{"predicate":"Block.TextureTo","args":["Plain",{"x":0,"y":0,"z":1}]}},{"type":"tile","gaf":{"predicate":"Block.ScaleTo","args":[{"x":2,"y":1,"z":1}]}},{"type":"tile","gaf":{"predicate":"Block.PaintTo","args":["Super Black",1]}},{"type":"tile","gaf":{"predicate":"Block.TextureTo","args":["Plain",{"x":0,"y":0,"z":0},1]}}],[{"type":"tile","gaf":{"predicate":"Meta.Then","args":[]}}]]},
  {"tile-rows":[[{"type":"tile","gaf":{"predicate":"Meta.Stop","args":[]}},{"type":"tile","gaf":{"predicate":"Block.Create","args":["Window"]}},{"type":"tile","gaf":{"predicate":"Block.MoveTo","args":[{"x":133.5,"y":0,"z":-67}]}},{"type":"tile","gaf":{"predicate":"Block.RotateTo","args":[{"x":0,"y":0,"z":0}]}},{"type":"tile","gaf":{"predicate":"Block.PaintTo","args":["Super Black"]}},{"type":"tile","gaf":{"predicate":"Block.TextureTo","args":["Plain",{"x":0,"y":0,"z":1}]}},{"type":"tile","gaf":{"predicate":"Block.ScaleTo","args":[{"x":2,"y":1,"z":1}]}},{"type":"tile","gaf":{"predicate":"Block.PaintTo","args":["Super Black",1]}},{"type":"tile","gaf":{"predicate":"Block.TextureTo","args":["Plain",{"x":0,"y":0,"z":0},1]}}],[{"type":"tile","gaf":{"predicate":"Meta.Then","args":[]}}]]},
  {"tile-rows":[[{"type":"tile","gaf":{"predicate":"Meta.Stop","args":[]}},{"type":"tile","gaf":{"predicate":"Block.Create","args":["Anim Character Avatar"]}},{"type":"tile","gaf":{"predicate":"Block.MoveTo","args":[{"x":103,"y":0.5,"z":-80}]}},{"type":"tile","gaf":{"predicate":"Block.RotateTo","args":[{"x":0,"y":0,"z":0}]}},{"type":"tile","gaf":{"predicate":"Block.PaintTo","args":["Dark Blue"]}},{"type":"tile","gaf":{"predicate":"Block.TextureTo","args":["Plain",{"x":0,"y":0,"z":1}]}},{"type":"tile","gaf":{"predicate":"Block.ScaleTo","args":[{"x":1,"y":1,"z":1}]}},{"type":"tile","gaf":{"predicate":"Block.TextureTo","args":["Plain",{"x":0,"y":1,"z":0},1]}},{"type":"tile","gaf":{"predicate":"Block.TextureTo","args":["Plain",{"x":0,"y":1,"z":0},2]}},{"type":"tile","gaf":{"predicate":"AnimCharacter.ReplaceBodyPart","args":["Limb Default Arm Left","LeftArm"]}},{"type":"tile","gaf":{"predicate":"AnimCharacter.ReplaceBodyPart","args":["Limb Default Leg Left","LeftLeg"]}},{"type":"tile","gaf":{"predicate":"AnimCharacter.ReplaceBodyPart","args":["Limb Default Arm Right","RightArm"]}},{"type":"tile","gaf":{"predicate":"AnimCharacter.ReplaceBodyPart","args":["Limb Default Leg Right","RightLeg"]}},{"type":"tile","gaf":{"predicate":"Block.TextureTo","args":["Plain",{"x":0,"y":1,"z":0},3]}},{"type":"tile","gaf":{"predicate":"Block.TextureTo","args":["Plain",{"x":0,"y":1,"z":0},4]}},{"type":"tile","gaf":{"predicate":"Block.TextureTo","args":["Plain",{"x":0,"y":1,"z":0},5]}},{"type":"tile","gaf":{"predicate":"Block.TextureTo","args":["Plain",{"x":0,"y":1,"z":0},6]}},{"type":"tile","gaf":{"predicate":"Block.PaintTo","args":["Dark Blue",1]}},{"type":"tile","gaf":{"predicate":"Block.PaintTo","args":["Dark Blue",2]}},{"type":"tile","gaf":{"predicate":"Block.PaintTo","args":["Dark Blue",3]}},{"type":"tile","gaf":{"predicate":"Block.PaintTo","args":["Dark Blue",4]}},{"type":"tile","gaf":{"predicate":"Block.PaintTo","args":["Dark Blue",5]}},{"type":"tile","gaf":{"predicate":"Block.PaintTo","args":["Dark Blue",6]}},{"type":"tile","gaf":{"predicate":"Block.PaintTo","args":["Dark Blue",7]}},{"type":"tile","gaf":{"predicate":"Block.PaintTo","args":["Dark Blue",8]}},{"type":"tile","gaf":{"predicate":"Block.PaintTo","args":["Dark Blue",9]}},{"type":"tile","gaf":{"predicate":"Block.PaintTo","args":["Dark Blue",10]}},{"type":"tile","gaf":{"predicate":"Block.PaintTo","args":["Dark Blue",11]}},{"type":"tile","gaf":{"predicate":"Block.PaintTo","args":["Dark Blue",12]}},{"type":"tile","gaf":{"predicate":"Block.PaintTo","args":["Dark Blue",13]}},{"type":"tile","gaf":{"predicate":"Block.PaintTo","args":["Dark Blue",14]}},{"type":"tile","gaf":{"predicate":"Block.PaintTo","args":["Dark Blue",15]}},{"type":"tile","gaf":{"predicate":"Block.PaintTo","args":["Dark Blue",16]}}],[{"type":"tile","gaf":{"predicate":"Meta.Then","args":[]}},{"type":"tile","gaf":{"predicate":"AnimCharacter.DPadControl","args":["L",27.5]}}],[{"type":"tile","gaf":{"predicate":"Block.ButtonInput","args":["R Jump"]}},{"type":"tile","gaf":{"predicate":"Meta.Then","args":[]}},{"type":"tile","gaf":{"predicate":"AnimCharacter.Jump","args":[20]}}],[{"type":"tile","gaf":{"predicate":"Meta.Then","args":[]}}]]}
 ],
 "connections":[
  [],
  [],
  [],
  [],
  [],
  [],
  [],
  [],
  [],
  [],
  [],
  [],
  [],
  [],
  [],
  [],
  [],
  [],
  [],
  [],
  [],
  [],
  [],
  [28,30],
  [26,31],
  [28,29,33],
  [24,27,32],
  [26,29,32],
  [23,25,33],
  [25,27],
  [23,41],
  [24],
  [26,27],
  [25,28],
  [39,41],
  [37,42],
  [39,40,44],
  [35,38,43],
  [37,40,43],
  [34,36,44],
  [36,38],
  [34,30],
  [35],
  [37,38],
  [36,39],
  [50,52],
  [48,53],
  [50,51,55],
  [46,49,54],
  [48,51,54],
  [45,47,55],
  [47,49],
  [45],
  [46],
  [48,49],
  [47,50],
  [61,63],
  [59,64],
  [61,62,66],
  [57,60,65],
  [59,62,65],
  [56,58,66],
  [58,60],
  [56],
  [57],
  [59,60],
  [58,61],
  [72,74],
  [70,75],
  [72,73,77],
  [68,71,76],
  [70,73,76],
  [67,69,77],
  [69,71],
  [67],
  [68],
  [70,71],
  [69,72],
  []
 ],
 "connectionTypes":[
  [],
  [],
  [],
  [],
  [],
  [],
  [],
  [],
  [],
  [],
  [],
  [],
  [],
  [],
  [],
  [],
  [],
  [],
  [],
  [],
  [],
  [],
  [],
  [1,1],
  [1,1],
  [1,1,1],
  [1,1,1],
  [1,1,1],
  [1,1,1],
  [1,1],
  [1,1],
  [1],
  [1,1],
  [1,1],
  [1,1],
  [1,1],
  [1,1,1],
  [1,1,1],
  [1,1,1],
  [1,1,1],
  [1,1],
  [1,1],
  [1],
  [1,1],
  [1,1],
  [1,1],
  [1,1],
  [1,1,1],
  [1,1,1],
  [1,1,1],
  [1,1,1],
  [1,1],
  [1],
  [1],
  [1,1],
  [1,1],
  [1,1],
  [1,1],
  [1,1,1],
  [1,1,1],
  [1,1,1],
  [1,1,1],
  [1,1],
  [1],
  [1],
  [1,1],
  [1,1],
  [1,1],
  [1,1],
  [1,1,1],
  [1,1,1],
  [1,1,1],
  [1,1,1],
  [1,1],
  [1],
  [1],
  [1,1],
  [1,1],
  []
 ],
 "frozen-in-terrain":[1,1,1,1,1,1,1,1,1,1,1,1,1,1,1,1,1,1,1,1,1,0,0,0,0,0,0,0,0,0,0,0,0,0,0,0,0,0,0,0,0,0,0,0,0,0,0,0,0,0,0,0,0,0,0,0,0,0,0,0,0,0,0,0,0,0,0,0,0,0,0,0,0,0,0,0,0,0,0],
 "camera":{
  "rotation":{"x":-0.01303,"y":0.87583,"z":-0.02368,"w":-0.48184},
  "position":{"x":17.11303,"y":45.32295,"z":-26.91987},
  "playDistance":15.36163,
  "playAngle":67.82656
 },
 "camera-poses":[
  {"name":"Camera Reset Pose","position":{"x":119.88066,"y":12.13269,"z":-104.2712},"direction":{"x":-0.55689,"y":-0.58534,"z":0.58925}}
 ]
}