{
	"model_categories": [
	{
		"id": 2,
		"hidden": true,
		"index": 0,
		"name": "All",
		"default_tab": "Best Sellers",
		"build_panel_section": "",
		"image_urls_for_sizes": {
		"440x440": "https://blocksworld-production.s3.amazonaws.com/model_category-7501c220dc6b1a3bbd18c1d15e30d856-440x440.png",
		"220x220": "https://blocksworld-production.s3.amazonaws.com/model_category-7501c220dc6b1a3bbd18c1d15e30d856-220x220.png"
		}
	},
	{
		"id": 3,
		"hidden": false,
		"index": 10,
		"name": "Aircraft",
		"default_tab": "Best Sellers",
		"build_panel_section": "Air & Space",
		"image_urls_for_sizes": {
		"440x440": "https://blocksworld-production.s3.amazonaws.com/model_category-b231175e47faa194a079f514e17a115d-440x440.png",
		"220x220": "https://blocksworld-production.s3.amazonaws.com/model_category-b231175e47faa194a079f514e17a115d-220x220.png"
		}
	},
	{
		"id": 4,
		"hidden": false,
		"index": 11,
		"name": "Animals",
		"default_tab": "Best Sellers",
		"build_panel_section": "Animals & Creatures",
		"image_urls_for_sizes": {
		"440x440": "https://blocksworld-production.s3.amazonaws.com/model_category-4ec6337f1e85c6fe4f34ff323dd067e0-440x440.png",
		"220x220": "https://blocksworld-production.s3.amazonaws.com/model_category-4ec6337f1e85c6fe4f34ff323dd067e0-220x220.png"
		}
	},
	{
		"id": 5,
		"hidden": false,
		"index": 12,
		"name": "Art & Design",
		"default_tab": "Best Sellers",
		"build_panel_section": "Art & Design",
		"image_urls_for_sizes": {
		"440x440": "https://blocksworld-production.s3.amazonaws.com/model_category-4c50bbd1dacc72dd84f41ac5174ae5c8-440x440.png",
		"220x220": "https://blocksworld-production.s3.amazonaws.com/model_category-4c50bbd1dacc72dd84f41ac5174ae5c8-220x220.png"
		}
	},
	{
		"id": 6,
		"hidden": false,
		"index": 13,
		"name": "Blocksters",
		"default_tab": "Best Sellers",
		"build_panel_section": "Blocksters",
		"image_urls_for_sizes": {
		"440x440": "https://blocksworld-production.s3.amazonaws.com/model_category-144fb41759f7ae14b841873036527b9b-440x440.png",
		"220x220": "https://blocksworld-production.s3.amazonaws.com/model_category-144fb41759f7ae14b841873036527b9b-220x220.png"
		}
	},
	{
		"id": 7,
		"hidden": false,
		"index": 14,
		"name": "Buildings",
		"default_tab": "Best Sellers",
		"build_panel_section": "Buildings & Houses",
		"image_urls_for_sizes": {
		"440x440": "https://blocksworld-production.s3.amazonaws.com/model_category-130b47829b6a7a5e8c8aea3f72c20aa4-440x440.png",
		"220x220": "https://blocksworld-production.s3.amazonaws.com/model_category-130b47829b6a7a5e8c8aea3f72c20aa4-220x220.png"
		}
	},
	{
		"id": 8,
		"hidden": false,
		"index": 15,
		"name": "Cars & Trucks",
		"default_tab": "Best Sellers",
		"build_panel_section": "Cars & Vehicles",
		"image_urls_for_sizes": {
		"440x440": "https://blocksworld-production.s3.amazonaws.com/model_category-c67e0a8d9dd7ef163bcdc67ca2cd5f52-440x440.png",
		"220x220": "https://blocksworld-production.s3.amazonaws.com/model_category-c67e0a8d9dd7ef163bcdc67ca2cd5f52-220x220.png"
		}
	},
	{
		"id": 9,
		"hidden": false,
		"index": 16,
		"name": "City Props",
		"default_tab": "Best Sellers",
		"build_panel_section": "City & Town",
		"image_urls_for_sizes": {
		"440x440": "https://blocksworld-production.s3.amazonaws.com/model_category-239a44d451ee563e385c0b5ae0de0218-440x440.png",
		"220x220": "https://blocksworld-production.s3.amazonaws.com/model_category-239a44d451ee563e385c0b5ae0de0218-220x220.png"
		}
	},
	{
		"id": 10,
		"hidden": false,
		"index": 17,
		"name": "Creatures",
		"default_tab": "Best Sellers",
		"build_panel_section": "Animals & Creatures",
		"image_urls_for_sizes": {
		"440x440": "https://blocksworld-production.s3.amazonaws.com/model_category-52948317c173ef7a433ee72bb83787f6-440x440.png",
		"220x220": "https://blocksworld-production.s3.amazonaws.com/model_category-52948317c173ef7a433ee72bb83787f6-220x220.png"
		}
	},
	{
		"id": 11,
		"hidden": false,
		"index": 18,
		"name": "Farm",
		"default_tab": "Best Sellers",
		"build_panel_section": "Farm & Outdoors",
		"image_urls_for_sizes": {
		"440x440": "https://blocksworld-production.s3.amazonaws.com/model_category-518b653b3bcacecaf6c83c2a9208c857-440x440.png",
		"220x220": "https://blocksworld-production.s3.amazonaws.com/model_category-518b653b3bcacecaf6c83c2a9208c857-220x220.png"
		}
	},
	{
		"id": 12,
		"hidden": false,
		"index": 19,
		"name": "Giant",
		"default_tab": "Best Sellers",
		"build_panel_section": "Giant",
		"image_urls_for_sizes": {
		"440x440": "https://blocksworld-production.s3.amazonaws.com/model_category-543c12bc79aaa70e3204c1cd2b2bd65c-440x440.png",
		"220x220": "https://blocksworld-production.s3.amazonaws.com/model_category-543c12bc79aaa70e3204c1cd2b2bd65c-220x220.png"
		}
	},
	{
		"id": 13,
		"hidden": false,
		"index": 20,
		"name": "Holiday",
		"default_tab": "Best Sellers",
		"build_panel_section": "Holiday",
		"image_urls_for_sizes": {
		"440x440": "https://blocksworld-production.s3.amazonaws.com/model_category-a1778bd2665f7537cd7151e8cbae6c6e-440x440.png",
		"220x220": "https://blocksworld-production.s3.amazonaws.com/model_category-a1778bd2665f7537cd7151e8cbae6c6e-220x220.png"
		}
	},
	{
		"id": 14,
		"hidden": false,
		"index": 21,
		"name": "Houses",
		"default_tab": "Best Sellers",
		"build_panel_section": "Buildings & Houses",
		"image_urls_for_sizes": {
		"440x440": "https://blocksworld-production.s3.amazonaws.com/model_category-0f05ba30e8c31796329b56bc861b49bd-440x440.png",
		"220x220": "https://blocksworld-production.s3.amazonaws.com/model_category-0f05ba30e8c31796329b56bc861b49bd-220x220.png"
		}
	},
	{
		"id": 15,
		"hidden": false,
		"index": 22,
		"name": "Indoors",
		"default_tab": "Best Sellers",
		"build_panel_section": "Home & Office",
		"image_urls_for_sizes": {
		"440x440": "https://blocksworld-production.s3.amazonaws.com/model_category-3cf4cbc36091b444d64e03f694a5c112-440x440.png",
		"220x220": "https://blocksworld-production.s3.amazonaws.com/model_category-3cf4cbc36091b444d64e03f694a5c112-220x220.png"
		}
	},
	{
		"id": 16,
		"hidden": false,
		"index": 23,
		"name": "Mechanical",
		"default_tab": "Best Sellers",
		"build_panel_section": "Mechanical",
		"image_urls_for_sizes": {
		"440x440": "https://blocksworld-production.s3.amazonaws.com/model_category-e489462f426467bb1e080221689d1f71-440x440.png",
		"220x220": "https://blocksworld-production.s3.amazonaws.com/model_category-e489462f426467bb1e080221689d1f71-220x220.png"
		}
	},
	{
		"id": 17,
		"hidden": false,
		"index": 24,
		"name": "Motorcycles",
		"default_tab": "Best Sellers",
		"build_panel_section": "Cars & Vehicles",
		"image_urls_for_sizes": {
		"440x440": "https://blocksworld-production.s3.amazonaws.com/model_category-aaecbc096466ce1e885d408b77a05694-440x440.png",
		"220x220": "https://blocksworld-production.s3.amazonaws.com/model_category-aaecbc096466ce1e885d408b77a05694-220x220.png"
		}
	},
	{
		"id": 18,
		"hidden": false,
		"index": 25,
		"name": "Outdoors",
		"default_tab": "Best Sellers",
		"build_panel_section": "Farm & Outdoors",
		"image_urls_for_sizes": {
		"440x440": "https://blocksworld-production.s3.amazonaws.com/model_category-5e7c0e284f1b151aa023bf78e6086e53-440x440.png",
		"220x220": "https://blocksworld-production.s3.amazonaws.com/model_category-5e7c0e284f1b151aa023bf78e6086e53-220x220.png"
		}
	},
	{
		"id": 19,
		"hidden": false,
		"index": 26,
		"name": "Pop Culture",
		"default_tab": "Best Sellers",
		"build_panel_section": "Parts & Thingamabobs",
		"image_urls_for_sizes": {
		"440x440": "https://blocksworld-production.s3.amazonaws.com/model_category-903a77b51a258bab814be7126def0afb-440x440.png",
		"220x220": "https://blocksworld-production.s3.amazonaws.com/model_category-903a77b51a258bab814be7126def0afb-220x220.png"
		}
	},
	{
		"id": 20,
		"hidden": false,
		"index": 27,
		"name": "Seacraft",
		"default_tab": "Best Sellers",
		"build_panel_section": "Seacraft",
		"image_urls_for_sizes": {
		"440x440": "https://blocksworld-production.s3.amazonaws.com/model_category-d3a1237316db3a0372748674eca6fb0f-440x440.png",
		"220x220": "https://blocksworld-production.s3.amazonaws.com/model_category-d3a1237316db3a0372748674eca6fb0f-220x220.png"
		}
	},
	{
		"id": 21,
		"hidden": false,
		"index": 28,
		"name": "Space",
		"default_tab": "Best Sellers",
		"build_panel_section": "Air & Space",
		"image_urls_for_sizes": {
		"440x440": "https://blocksworld-production.s3.amazonaws.com/model_category-e1ba3dcdd37b89986c14326f996c21c2-440x440.png",
		"220x220": "https://blocksworld-production.s3.amazonaws.com/model_category-e1ba3dcdd37b89986c14326f996c21c2-220x220.png"
		}
	},
	{
		"id": 22,
		"hidden": false,
		"index": 29,
		"name": "Spare Parts",
		"default_tab": "Best Sellers",
		"build_panel_section": "Parts & Thingamabobs",
		"image_urls_for_sizes": {
		"440x440": "https://blocksworld-production.s3.amazonaws.com/model_category-99b4a7c7d4dee437995ac7e0ae190d18-440x440.png",
		"220x220": "https://blocksworld-production.s3.amazonaws.com/model_category-99b4a7c7d4dee437995ac7e0ae190d18-220x220.png"
		}
	},
	{
		"id": 23,
		"hidden": false,
		"index": 30,
		"name": "Sports",
		"default_tab": "Best Sellers",
		"build_panel_section": "Sports",
		"image_urls_for_sizes": {
		"440x440": "https://blocksworld-production.s3.amazonaws.com/model_category-5f50724ac36ef01055bb08577fb4c234-440x440.png",
		"220x220": "https://blocksworld-production.s3.amazonaws.com/model_category-5f50724ac36ef01055bb08577fb4c234-220x220.png"
		}
	},
	{
		"id": 1,
		"hidden": false,
		"index": 31,
		"name": "Thingamabobs",
		"default_tab": "Best Sellers",
		"build_panel_section": "Parts & Thingamabobs",
		"image_urls_for_sizes": {
		"440x440": "https://blocksworld-production.s3.amazonaws.com/model_category-c207aaca3156588677958d3686033153-440x440.png",
		"220x220": "https://blocksworld-production.s3.amazonaws.com/model_category-c207aaca3156588677958d3686033153-220x220.png"
		}
	}
	],
	"world_categories": [
	{
		"id": 1,
		"hidden": true,
		"index": 1,
		"name": "Blocksworld",
		"default_tab": "Popular",
		"image_urls_for_sizes": {
		"440x440": "https://blocksworld-production.s3.amazonaws.com/world_category-2d93b2ae0cfb0f14c3aea8334bddc821-440x440.png",
		"220x220": "https://blocksworld-production.s3.amazonaws.com/world_category-2d93b2ae0cfb0f14c3aea8334bddc821-220x220.png"
		}
	},
	{
		"id": 5,
		"hidden": true,
		"index": 2,
		"name": "Featured",
		"default_tab": "Popular",
		"image_urls_for_sizes": {
		"440x440": "https://blocksworld-production.s3.amazonaws.com/world_category-dacb6ecff6a44e0ed37d91e1eb6015e8-440x440.png",
		"220x220": "https://blocksworld-production.s3.amazonaws.com/world_category-dacb6ecff6a44e0ed37d91e1eb6015e8-220x220.png"
		}
	},
	{
		"id": 3,
		"hidden": true,
		"index": 3,
		"name": "Leaderboards",
		"default_tab": "Popular",
		"image_urls_for_sizes": {
		"440x440": "https://blocksworld-production.s3.amazonaws.com/world_category-0281f84360251f86f791b8a7e81fa2a5-440x440.png",
		"220x220": "https://blocksworld-production.s3.amazonaws.com/world_category-0281f84360251f86f791b8a7e81fa2a5-220x220.png"
		}
	},
	{
		"id": 11,
		"hidden": false,
		"index": 10,
		"name": "Adventure",
		"default_tab": "Popular",
		"image_urls_for_sizes": {
		"440x440": "https://blocksworld-production.s3.amazonaws.com/world_category/bf00d497-2630-475f-b891-34d836fe0ecc-440x440.png",
		"220x220": "https://blocksworld-production.s3.amazonaws.com/world_category/bf00d497-2630-475f-b891-34d836fe0ecc-220x220.png"
		}
	},
	{
		"id": 12,
		"hidden": false,
		"index": 11,
		"name": "Aircraft",
		"default_tab": "Popular",
		"image_urls_for_sizes": {
		"440x440": "https://blocksworld-production.s3.amazonaws.com/world_category/5060d331-bfeb-432f-b072-8c7c92396d7c-440x440.png",
		"220x220": "https://blocksworld-production.s3.amazonaws.com/world_category/5060d331-bfeb-432f-b072-8c7c92396d7c-220x220.png"
		}
	},
	{
		"id": 13,
		"hidden": false,
		"index": 12,
		"name": "Animals",
		"default_tab": "Popular",
		"image_urls_for_sizes": {
		"440x440": "https://blocksworld-production.s3.amazonaws.com/world_category/0c20d309-491b-432a-b1af-80163ffe508c-440x440.png",
		"220x220": "https://blocksworld-production.s3.amazonaws.com/world_category/0c20d309-491b-432a-b1af-80163ffe508c-220x220.png"
		}
	},
	{
		"id": 14,
		"hidden": false,
		"index": 13,
		"name": "Art",
		"default_tab": "Popular",
		"image_urls_for_sizes": {
		"440x440": "https://blocksworld-production.s3.amazonaws.com/world_category/c45245e8-7083-4092-9f39-e11b771097e4-440x440.png",
		"220x220": "https://blocksworld-production.s3.amazonaws.com/world_category/c45245e8-7083-4092-9f39-e11b771097e4-220x220.png"
		}
	},
	{
		"id": 15,
		"hidden": false,
		"index": 14,
		"name": "Cars",
		"default_tab": "Popular",
		"image_urls_for_sizes": {
		"440x440": "https://blocksworld-production.s3.amazonaws.com/world_category/56ab32bd-43ec-4971-a968-cf5c6df0bf49-440x440.png",
		"220x220": "https://blocksworld-production.s3.amazonaws.com/world_category/56ab32bd-43ec-4971-a968-cf5c6df0bf49-220x220.png"
		}
	},
	{
		"id": 16,
		"hidden": false,
		"index": 15,
		"name": "Castle",
		"default_tab": "Popular",
		"image_urls_for_sizes": {
		"440x440": "https://blocksworld-production.s3.amazonaws.com/world_category/bfcfb557-5047-4922-b135-a701a776fa15-440x440.png",
		"220x220": "https://blocksworld-production.s3.amazonaws.com/world_category/bfcfb557-5047-4922-b135-a701a776fa15-220x220.png"
		}
	},
	{
		"id": 17,
		"hidden": false,
		"index": 16,
		"name": "Challenge Entry",
		"default_tab": "Popular",
		"image_urls_for_sizes": {
		"440x440": "https://blocksworld-production.s3.amazonaws.com/world_category/00833094-97a3-44cc-818e-19b1aa97ff96-440x440.png",
		"220x220": "https://blocksworld-production.s3.amazonaws.com/world_category/00833094-97a3-44cc-818e-19b1aa97ff96-220x220.png"
		}
	},
	{
		"id": 18,
		"hidden": false,
		"index": 17,
		"name": "City",
		"default_tab": "Popular",
		"image_urls_for_sizes": {
		"440x440": "https://blocksworld-production.s3.amazonaws.com/world_category/cda12b79-2d09-4876-94c9-e5c3c42b21ee-440x440.png",
		"220x220": "https://blocksworld-production.s3.amazonaws.com/world_category/cda12b79-2d09-4876-94c9-e5c3c42b21ee-220x220.png"
		}
	},
	{
		"id": 45,
		"hidden": false,
		"index": 18,
		"name": "Dinosaurs",
		"default_tab": "Popular",
		"image_urls_for_sizes": {
		"440x440": "https://blocksworld-production.s3.amazonaws.com/world_category/b434edb8-4e66-48ba-905c-486968acd514-440x440.png",
		"220x220": "https://blocksworld-production.s3.amazonaws.com/world_category/b434edb8-4e66-48ba-905c-486968acd514-220x220.png"
		}
	},
	{
		"id": 19,
		"hidden": false,
		"index": 19,
		"name": "Fantasy",
		"default_tab": "Popular",
		"image_urls_for_sizes": {
		"440x440": "https://blocksworld-production.s3.amazonaws.com/world_category/2d0d2ebb-68e2-49c5-8b08-117306b1e1f6-440x440.png",
		"220x220": "https://blocksworld-production.s3.amazonaws.com/world_category/2d0d2ebb-68e2-49c5-8b08-117306b1e1f6-220x220.png"
		}
	},
	{
		"id": 20,
		"hidden": false,
		"index": 20,
		"name": "Food",
		"default_tab": "Popular",
		"image_urls_for_sizes": {
		"440x440": "https://blocksworld-production.s3.amazonaws.com/world_category/b4fb870b-e240-4e12-8e0f-40862ebc7a8b-440x440.png",
		"220x220": "https://blocksworld-production.s3.amazonaws.com/world_category/b4fb870b-e240-4e12-8e0f-40862ebc7a8b-220x220.png"
		}
	},
	{
		"id": 21,
		"hidden": false,
		"index": 21,
		"name": "Funny",
		"default_tab": "Popular",
		"image_urls_for_sizes": {
		"440x440": "https://blocksworld-production.s3.amazonaws.com/world_category/b2405cc2-f9ba-4b2a-9bd6-927fd1f13c99-440x440.png",
		"220x220": "https://blocksworld-production.s3.amazonaws.com/world_category/b2405cc2-f9ba-4b2a-9bd6-927fd1f13c99-220x220.png"
		}
	},
	{
		"id": 22,
		"hidden": false,
		"index": 22,
		"name": "Games",
		"default_tab": "Popular",
		"image_urls_for_sizes": {
		"440x440": "https://blocksworld-production.s3.amazonaws.com/world_category/53442ae1-d6bf-434e-9eca-ebbddbcb79f2-440x440.png",
		"220x220": "https://blocksworld-production.s3.amazonaws.com/world_category/53442ae1-d6bf-434e-9eca-ebbddbcb79f2-220x220.png"
		}
	},
	{
		"id": 23,
		"hidden": false,
		"index": 23,
		"name": "Giant",
		"default_tab": "Popular",
		"image_urls_for_sizes": {
		"440x440": "https://blocksworld-production.s3.amazonaws.com/world_category/20cf4513-5ed5-4104-a4f5-7bc30fae790e-440x440.png",
		"220x220": "https://blocksworld-production.s3.amazonaws.com/world_category/20cf4513-5ed5-4104-a4f5-7bc30fae790e-220x220.png"
		}
	},
	{
		"id": 24,
		"hidden": false,
		"index": 25,
		"name": "Historic",
		"default_tab": "Popular",
		"image_urls_for_sizes": {
		"440x440": "https://blocksworld-production.s3.amazonaws.com/world_category/ec955d65-33f8-4ba0-b2f6-0791ad63d198-440x440.png",
		"220x220": "https://blocksworld-production.s3.amazonaws.com/world_category/ec955d65-33f8-4ba0-b2f6-0791ad63d198-220x220.png"
		}
	},
	{
		"id": 25,
		"hidden": false,
		"index": 26,
		"name": "Holiday",
		"default_tab": "Popular",
		"image_urls_for_sizes": {
		"440x440": "https://blocksworld-production.s3.amazonaws.com/world_category/607b302e-03e4-4c3f-b14d-8d931e6f5b0a-440x440.png",
		"220x220": "https://blocksworld-production.s3.amazonaws.com/world_category/607b302e-03e4-4c3f-b14d-8d931e6f5b0a-220x220.png"
		}
	},
	{
		"id": 26,
		"hidden": false,
		"index": 27,
		"name": "How-to",
		"default_tab": "Popular",
		"image_urls_for_sizes": {
		"440x440": "https://blocksworld-production.s3.amazonaws.com/world_category/bcad60cf-8b11-474c-a593-ff28e1e52a93-440x440.png",
		"220x220": "https://blocksworld-production.s3.amazonaws.com/world_category/bcad60cf-8b11-474c-a593-ff28e1e52a93-220x220.png"
		}
	},
	{
		"id": 44,
		"hidden": false,
		"index": 29,
		"name": "Marble",
		"default_tab": "Popular",
		"image_urls_for_sizes": {
		"440x440": "https://blocksworld-production.s3.amazonaws.com/world_category/f382f141-f0e6-4e3e-890f-59bda23ea316-440x440.png",
		"220x220": "https://blocksworld-production.s3.amazonaws.com/world_category/f382f141-f0e6-4e3e-890f-59bda23ea316-220x220.png"
		}
	},
	{
		"id": 28,
		"hidden": false,
		"index": 30,
		"name": "Mechanical",
		"default_tab": "Popular",
		"image_urls_for_sizes": {
		"440x440": "https://blocksworld-production.s3.amazonaws.com/world_category/912b405b-b641-4e18-8107-8097c3a58189-440x440.png",
		"220x220": "https://blocksworld-production.s3.amazonaws.com/world_category/912b405b-b641-4e18-8107-8097c3a58189-220x220.png"
		}
	},
	{
		"id": 29,
		"hidden": false,
		"index": 31,
		"name": "Military",
		"default_tab": "Popular",
		"image_urls_for_sizes": {
		"440x440": "https://blocksworld-production.s3.amazonaws.com/world_category/ed6f8f91-8003-4156-82c4-5363cad7c464-440x440.png",
		"220x220": "https://blocksworld-production.s3.amazonaws.com/world_category/ed6f8f91-8003-4156-82c4-5363cad7c464-220x220.png"
		}
	},
	{
		"id": 31,
		"hidden": false,
		"index": 33,
		"name": "Nature",
		"default_tab": "Popular",
		"image_urls_for_sizes": {
		"440x440": "https://blocksworld-production.s3.amazonaws.com/world_category/f4965007-983a-48b5-a1e4-5d7d518ca3ca-440x440.png",
		"220x220": "https://blocksworld-production.s3.amazonaws.com/world_category/f4965007-983a-48b5-a1e4-5d7d518ca3ca-220x220.png"
		}
	},
	{
		"id": 32,
		"hidden": false,
		"index": 34,
		"name": "Off Road",
		"default_tab": "Popular",
		"image_urls_for_sizes": {
		"440x440": "https://blocksworld-production.s3.amazonaws.com/world_category/dd433ada-f329-41dc-bc59-ebd316bb2bc6-440x440.png",
		"220x220": "https://blocksworld-production.s3.amazonaws.com/world_category/dd433ada-f329-41dc-bc59-ebd316bb2bc6-220x220.png"
		}
	},
	{
		"id": 33,
		"hidden": false,
		"index": 35,
		"name": "Pirates",
		"default_tab": "Popular",
		"image_urls_for_sizes": {
		"440x440": "https://blocksworld-production.s3.amazonaws.com/world_category/aba20045-b83e-45eb-ae10-dfb10b6b635b-440x440.png",
		"220x220": "https://blocksworld-production.s3.amazonaws.com/world_category/aba20045-b83e-45eb-ae10-dfb10b6b635b-220x220.png"
		}
	},
	{
		"id": 34,
		"hidden": false,
		"index": 36,
		"name": "Pop Culture",
		"default_tab": "Popular",
		"image_urls_for_sizes": {
		"440x440": "https://blocksworld-production.s3.amazonaws.com/world_category/4c8527f4-02e2-42cc-9e44-d4a6a0d8e2e8-440x440.png",
		"220x220": "https://blocksworld-production.s3.amazonaws.com/world_category/4c8527f4-02e2-42cc-9e44-d4a6a0d8e2e8-220x220.png"
		}
	},
	{
		"id": 46,
		"hidden": false,
		"index": 37,
		"name": "Rides",
		"default_tab": "Popular",
		"image_urls_for_sizes": {
		"440x440": "https://blocksworld-production.s3.amazonaws.com/world_category-067df62c1950561844e55cb3bbfa93eb-440x440.png",
		"220x220": "https://blocksworld-production.s3.amazonaws.com/world_category-067df62c1950561844e55cb3bbfa93eb-220x220.png"
		}
	},
	{
		"id": 37,
		"hidden": false,
		"index": 38,
		"name": "Sci-Fi",
		"default_tab": "Popular",
		"image_urls_for_sizes": {
		"440x440": "https://blocksworld-production.s3.amazonaws.com/world_category/e75d057b-d934-40a5-83eb-4b6e1a765e2e-440x440.png",
		"220x220": "https://blocksworld-production.s3.amazonaws.com/world_category/e75d057b-d934-40a5-83eb-4b6e1a765e2e-220x220.png"
		}
	},
	{
		"id": 38,
		"hidden": false,
		"index": 39,
		"name": "Ships",
		"default_tab": "Popular",
		"image_urls_for_sizes": {
		"440x440": "https://blocksworld-production.s3.amazonaws.com/world_category/7066f604-fa2f-49f7-aa2f-257e21358380-440x440.png",
		"220x220": "https://blocksworld-production.s3.amazonaws.com/world_category/7066f604-fa2f-49f7-aa2f-257e21358380-220x220.png"
		}
	},
	{
		"id": 39,
		"hidden": false,
		"index": 40,
		"name": "Space",
		"default_tab": "Popular",
		"image_urls_for_sizes": {
		"440x440": "https://blocksworld-production.s3.amazonaws.com/world_category/77e6c8d2-01cd-466c-a596-c325981c25db-440x440.png",
		"220x220": "https://blocksworld-production.s3.amazonaws.com/world_category/77e6c8d2-01cd-466c-a596-c325981c25db-220x220.png"
		}
	},
	{
		"id": 40,
		"hidden": false,
		"index": 41,
		"name": "Spooky",
		"default_tab": "Popular",
		"image_urls_for_sizes": {
		"440x440": "https://blocksworld-production.s3.amazonaws.com/world_category/9809dfa3-adc3-4768-8a6e-f739ef4086d5-440x440.png",
		"220x220": "https://blocksworld-production.s3.amazonaws.com/world_category/9809dfa3-adc3-4768-8a6e-f739ef4086d5-220x220.png"
		}
	},
	{
		"id": 41,
		"hidden": false,
		"index": 42,
		"name": "Sports",
		"default_tab": "Popular",
		"image_urls_for_sizes": {
		"440x440": "https://blocksworld-production.s3.amazonaws.com/world_category/ab713d18-2133-4aeb-90ec-cc63107a894b-440x440.png",
		"220x220": "https://blocksworld-production.s3.amazonaws.com/world_category/ab713d18-2133-4aeb-90ec-cc63107a894b-220x220.png"
		}
	},
	{
		"id": 42,
		"hidden": false,
		"index": 43,
		"name": "Stories",
		"default_tab": "Popular",
		"image_urls_for_sizes": {
		"440x440": "https://blocksworld-production.s3.amazonaws.com/world_category/41f9e188-c02b-4eb4-96b2-28b0892c3e82-440x440.png",
		"220x220": "https://blocksworld-production.s3.amazonaws.com/world_category/41f9e188-c02b-4eb4-96b2-28b0892c3e82-220x220.png"
		}
	},
	{
		"id": 35,
		"hidden": false,
		"index": 44,
		"name": "Trains",
		"default_tab": "Popular",
		"image_urls_for_sizes": {
		"440x440": "https://blocksworld-production.s3.amazonaws.com/world_category/aff2992a-4011-4c0e-a320-be4ed25201b9-440x440.png",
		"220x220": "https://blocksworld-production.s3.amazonaws.com/world_category/aff2992a-4011-4c0e-a320-be4ed25201b9-220x220.png"
		}
	},
	{
		"id": 50,
		"hidden": false,
		"index": 45,
		"name": "Action",
		"default_tab": "Popular",
		"image_urls_for_sizes": {
		"440x440": "https://bwsecondary.ddns.net:8080/images/categories/action.png",
		"220x220": "https://bwsecondary.ddns.net:8080/images/categories/action.png"
		}
	},
	{
		"id": 51,
		"hidden": false,
		"index": 46,
		"name": "Shooter",
		"default_tab": "Popular",
		"image_urls_for_sizes": {
		"440x440": "https://bwsecondary.ddns.net:8080/images/categories/shooter.png",
		"220x220": "https://bwsecondary.ddns.net:8080/images/categories/shooter.png"
		}
	},
	{
		"id": 52,
		"hidden": false,
		"index": 47,
		"name": "Showcase",
		"default_tab": "Popular",
		"image_urls_for_sizes": {
		"440x440": "https://bwsecondary.ddns.net:8080/images/categories/shooter.png",
		"220x220": "https://bwsecondary.ddns.net:8080/images/categories/shooter.png"
		}
	},
	{
		"id": 53,
		"hidden": false,
		"index": 48,
		"name": "Glitches",
		"default_tab": "Popular",
		"image_urls_for_sizes": {
		"440x440": "https://bwsecondary.ddns.net:8080/images/categories/shooter.png",
		"220x220": "https://bwsecondary.ddns.net:8080/images/categories/shooter.png"
		}
	},
	{
		"id": 54,
		"hidden": false,
		"index": 49,
		"name": "World Template Submit",
		"default_tab": "Popular",
		"image_urls_for_sizes": {
		"440x440": "https://bwsecondary.ddns.net:8080/images/categories/world_template_submit.png",
		"220x220": "https://bwsecondary.ddns.net:8080/images/categories/world_template_submit.png"
		}
	},
	{
		"id": 55,
		"hidden": true,
		"index": 4,
		"name": "Tutorials",
		"default_tab": "Popular",
		"image_urls_for_sizes": {
		"440x440": "https://bwsecondary.ddns.net:8080/images/categories/world_template_submit.png",
		"220x220": "https://bwsecondary.ddns.net:8080/images/categories/world_template_submit.png"
		}
	}
	]
}