{
 "blocks":[
  {"tile-rows":[[{"type":"tile","gaf":{"predicate":"Meta.Stop","args":[]}},{"type":"tile","gaf":{"predicate":"Block.Create","args":["Sky Medieval"]}},{"type":"tile","gaf":{"predicate":"Block.MoveTo","args":[{"x":0,"y":0,"z":0}]}},{"type":"tile","gaf":{"predicate":"Block.RotateTo","args":[{"x":0,"y":0,"z":0}]}},{"type":"tile","gaf":{"predicate":"Block.PaintTo","args":["White"]}},{"type":"tile","gaf":{"predicate":"Block.TextureTo","args":["Ice Material_Sky",{"x":0,"y":0,"z":-1}]}},{"type":"tile","gaf":{"predicate":"Block.ScaleTo","args":[{"x":1,"y":1,"z":1}]}},{"type":"tile","gaf":{"predicate":"Block.SetFog","args":["200","300","Dark Bley"]}},{"type":"tile","gaf":{"predicate":"Block.SetBackgroundMusic","args":["MusicBackground2"]}},{"type":"tile","gaf":{"predicate":"Sky.EnvEffect","args":["Snow"]}},{"type":"tile","gaf":{"predicate":"Sky.SkyBoxTo","args":[5]}}],[{"type":"tile","gaf":{"predicate":"Meta.Then","args":[]}},{"type":"tile","gaf":{"predicate":"Sky.SetGravity","args":[{"x":0,"y":-20,"z":0}]}},{"type":"tile","gaf":{"predicate":"Block.Fixed","args":[]}}],[{"type":"tile","gaf":{"predicate":"Meta.Then","args":[]}}]]},
  {"tile-rows":[[{"type":"tile","gaf":{"predicate":"Meta.Stop","args":[]}},{"type":"tile","gaf":{"predicate":"Block.Create","args":["Terrain Castle Ground"]}},{"type":"tile","gaf":{"predicate":"Block.MoveTo","args":[{"x":0,"y":0,"z":0}]}},{"type":"tile","gaf":{"predicate":"Block.RotateTo","args":[{"x":0,"y":0,"z":0}]}},{"type":"tile","gaf":{"predicate":"Block.PaintTo","args":["White"]}},{"type":"tile","gaf":{"predicate":"Block.TextureTo","args":["Ice Material_Terrain",{"x":0,"y":1,"z":0}]}},{"type":"tile","gaf":{"predicate":"Block.ScaleTo","args":[{"x":1,"y":1,"z":1}]}}],[{"type":"tile","gaf":{"predicate":"Meta.Then","args":[]}}]]},
  {"tile-rows":[[{"type":"tile","gaf":{"predicate":"Meta.Stop","args":[]}},{"type":"tile","gaf":{"predicate":"Block.Create","args":["Terrain Castle Road"]}},{"type":"tile","gaf":{"predicate":"Block.MoveTo","args":[{"x":0,"y":0,"z":0}]}},{"type":"tile","gaf":{"predicate":"Block.RotateTo","args":[{"x":0,"y":0,"z":0}]}},{"type":"tile","gaf":{"predicate":"Block.PaintTo","args":["Brown"]}},{"type":"tile","gaf":{"predicate":"Block.TextureTo","args":["Rock",{"x":0,"y":0,"z":0}]}},{"type":"tile","gaf":{"predicate":"Block.ScaleTo","args":[{"x":1,"y":1,"z":1}]}}],[{"type":"tile","gaf":{"predicate":"Meta.Then","args":[]}}]]},
  {"tile-rows":[[{"type":"tile","gaf":{"predicate":"Meta.Stop","args":[]}},{"type":"tile","gaf":{"predicate":"Block.Create","args":["Terrain Castle Underwater"]}},{"type":"tile","gaf":{"predicate":"Block.MoveTo","args":[{"x":0,"y":0,"z":0}]}},{"type":"tile","gaf":{"predicate":"Block.RotateTo","args":[{"x":0,"y":0,"z":0}]}},{"type":"tile","gaf":{"predicate":"Block.PaintTo","args":["White"]}},{"type":"tile","gaf":{"predicate":"Block.TextureTo","args":["Ice Material_Terrain",{"x":0,"y":0,"z":1}]}},{"type":"tile","gaf":{"predicate":"Block.ScaleTo","args":[{"x":1,"y":1,"z":1}]}}],[{"type":"tile","gaf":{"predicate":"Meta.Then","args":[]}}]]},
  {"tile-rows":[[{"type":"tile","gaf":{"predicate":"Meta.Stop","args":[]}},{"type":"tile","gaf":{"predicate":"Block.Create","args":["Terrain Castle Tree Trunks"]}},{"type":"tile","gaf":{"predicate":"Block.MoveTo","args":[{"x":0,"y":0,"z":0}]}},{"type":"tile","gaf":{"predicate":"Block.RotateTo","args":[{"x":0,"y":0,"z":0}]}},{"type":"tile","gaf":{"predicate":"Block.PaintTo","args":["Brown"]}},{"type":"tile","gaf":{"predicate":"Block.TextureTo","args":["Rock",{"x":0,"y":0,"z":0}]}},{"type":"tile","gaf":{"predicate":"Block.ScaleTo","args":[{"x":1,"y":1,"z":1}]}}],[{"type":"tile","gaf":{"predicate":"Meta.Then","args":[]}}]]},
  {"tile-rows":[[{"type":"tile","gaf":{"predicate":"Meta.Stop","args":[]}},{"type":"tile","gaf":{"predicate":"Block.Create","args":["Terrain Castle Trees"]}},{"type":"tile","gaf":{"predicate":"Block.MoveTo","args":[{"x":0,"y":0,"z":0}]}},{"type":"tile","gaf":{"predicate":"Block.RotateTo","args":[{"x":0,"y":0,"z":0}]}},{"type":"tile","gaf":{"predicate":"Block.PaintTo","args":["White"]}},{"type":"tile","gaf":{"predicate":"Block.TextureTo","args":["Rock",{"x":0,"y":0,"z":0}]}},{"type":"tile","gaf":{"predicate":"Block.ScaleTo","args":[{"x":1,"y":1,"z":1}]}}],[{"type":"tile","gaf":{"predicate":"Meta.Then","args":[]}}]]},
  {"tile-rows":[[{"type":"tile","gaf":{"predicate":"Meta.Stop","args":[]}},{"type":"tile","gaf":{"predicate":"Block.Create","args":["Terrain Castle Mountains"]}},{"type":"tile","gaf":{"predicate":"Block.MoveTo","args":[{"x":0,"y":0,"z":0}]}},{"type":"tile","gaf":{"predicate":"Block.RotateTo","args":[{"x":0,"y":0,"z":0}]}},{"type":"tile","gaf":{"predicate":"Block.PaintTo","args":["Black"]}},{"type":"tile","gaf":{"predicate":"Block.TextureTo","args":["Rock",{"x":0,"y":0,"z":0}]}},{"type":"tile","gaf":{"predicate":"Block.ScaleTo","args":[{"x":1,"y":1,"z":1}]}}],[{"type":"tile","gaf":{"predicate":"Meta.Then","args":[]}}]]},
  {"tile-rows":[[{"type":"tile","gaf":{"predicate":"Meta.Stop","args":[]}},{"type":"tile","gaf":{"predicate":"Block.Create","args":["Terrain Castle MountainTop"]}},{"type":"tile","gaf":{"predicate":"Block.MoveTo","args":[{"x":0,"y":0,"z":0}]}},{"type":"tile","gaf":{"predicate":"Block.RotateTo","args":[{"x":0,"y":0,"z":0}]}},{"type":"tile","gaf":{"predicate":"Block.PaintTo","args":["White"]}},{"type":"tile","gaf":{"predicate":"Block.TextureTo","args":["Rock",{"x":0,"y":0,"z":0}]}},{"type":"tile","gaf":{"predicate":"Block.ScaleTo","args":[{"x":1,"y":1,"z":1}]}}],[{"type":"tile","gaf":{"predicate":"Meta.Then","args":[]}}]]},
  {"tile-rows":[[{"type":"tile","gaf":{"predicate":"Meta.Stop","args":[]}},{"type":"tile","gaf":{"predicate":"Block.Create","args":["Terrain Castle Stone"]}},{"type":"tile","gaf":{"predicate":"Block.MoveTo","args":[{"x":0,"y":0,"z":0}]}},{"type":"tile","gaf":{"predicate":"Block.RotateTo","args":[{"x":0,"y":0,"z":0}]}},{"type":"tile","gaf":{"predicate":"Block.PaintTo","args":["Grey"]}},{"type":"tile","gaf":{"predicate":"Block.TextureTo","args":["Rock",{"x":0,"y":0,"z":0}]}},{"type":"tile","gaf":{"predicate":"Block.ScaleTo","args":[{"x":1,"y":1,"z":1}]}}],[{"type":"tile","gaf":{"predicate":"Meta.Then","args":[]}}]]},
  {"tile-rows":[[{"type":"tile","gaf":{"predicate":"Meta.Stop","args":[]}},{"type":"tile","gaf":{"predicate":"Block.Create","args":["Terrain Castle Flat"]}},{"type":"tile","gaf":{"predicate":"Block.MoveTo","args":[{"x":0,"y":0,"z":0}]}},{"type":"tile","gaf":{"predicate":"Block.RotateTo","args":[{"x":0,"y":0,"z":0}]}},{"type":"tile","gaf":{"predicate":"Block.PaintTo","args":["White"]}},{"type":"tile","gaf":{"predicate":"Block.TextureTo","args":["Castle Floor",{"x":0,"y":0,"z":0}]}},{"type":"tile","gaf":{"predicate":"Block.ScaleTo","args":[{"x":1,"y":1,"z":1}]}}],[{"type":"tile","gaf":{"predicate":"Meta.Then","args":[]}}]]},
  {"tile-rows":[[{"type":"tile","gaf":{"predicate":"Meta.Stop","args":[]}},{"type":"tile","gaf":{"predicate":"Block.Create","args":["Water"]}},{"type":"tile","gaf":{"predicate":"Block.MoveTo","args":[{"x":0,"y":-7,"z":0}]}},{"type":"tile","gaf":{"predicate":"Block.RotateTo","args":[{"x":0,"y":0,"z":0}]}},{"type":"tile","gaf":{"predicate":"Block.PaintTo","args":["Light Blue"]}},{"type":"tile","gaf":{"predicate":"Block.TextureTo","args":["Ice Material_Water",{"x":0,"y":1,"z":0}]}},{"type":"tile","gaf":{"predicate":"Block.ScaleTo","args":[{"x":2500,"y":1,"z":2500}]}},{"type":"tile","gaf":{"predicate":"Block.PaintTo","args":["Yellow",1]}},{"type":"tile","gaf":{"predicate":"Block.TextureTo","args":["Plain",{"x":0,"y":1,"z":0},1]}}],[{"type":"tile","gaf":{"predicate":"Meta.Then","args":[]}}]]}
 ],
 "connections":[
  [],
  [],
  [],
  [],
  [],
  [],
  [],
  [],
  [],
  [10],
  [9]
 ],
 "connectionTypes":[
  [],
  [],
  [],
  [],
  [],
  [],
  [],
  [],
  [],
  [1],
  [1]
 ],
 "frozen-in-terrain":[1,1,1,1,1,1,1,1,1,1,1],
 "camera":{
  "rotation":{"x":-0.01699,"y":0.92023,"z":-0.04021,"w":-0.38891},
  "position":{"x":112.80621,"y":7.4064,"z":61.26227},
  "playDistance":14.70761,
  "playAngle":44.19049
 }
}