{
 "blocks":[
  {"tile-rows":[[{"type":"tile","gaf":{"predicate":"Meta.Stop","args":[]}},{"type":"tile","gaf":{"predicate":"Block.Create","args":["Sky Space Asteroid"]}},{"type":"tile","gaf":{"predicate":"Block.MoveTo","args":[{"x":0,"y":0,"z":0}]}},{"type":"tile","gaf":{"predicate":"Block.RotateTo","args":[{"x":0,"y":0,"z":0}]}},{"type":"tile","gaf":{"predicate":"Block.PaintTo","args":["Black"]}},{"type":"tile","gaf":{"predicate":"Block.TextureTo","args":["Space Sky Asteroid",{"x":1,"y":0,"z":-1}]}},{"type":"tile","gaf":{"predicate":"Block.ScaleTo","args":[{"x":3,"y":3,"z":3}]}},{"type":"tile","gaf":{"predicate":"Block.SetFog","args":["150","1500","Black"]}},{"type":"tile","gaf":{"predicate":"Block.SetBackgroundMusic","args":["MusicHeroAction"]}},{"type":"tile","gaf":{"predicate":"Sky.EnvEffect","args":["Space Dust"]}},{"type":"tile","gaf":{"predicate":"Sky.SkyBoxTo","args":[9]}}],[{"type":"tile","gaf":{"predicate":"Meta.Then","args":[]}},{"type":"tile","gaf":{"predicate":"Sky.SetGravity","args":[{"x":0,"y":0,"z":0}]}},{"type":"tile","gaf":{"predicate":"Block.Fixed","args":[]}}],[{"type":"tile","gaf":{"predicate":"Meta.Then","args":[]}}]]},
  {"tile-rows":[[{"type":"tile","gaf":{"predicate":"Meta.Stop","args":[]}},{"type":"tile","gaf":{"predicate":"Block.Create","args":["Terrain Starter Island 1"]}},{"type":"tile","gaf":{"predicate":"Block.MoveTo","args":[{"x":0,"y":0,"z":0}]}},{"type":"tile","gaf":{"predicate":"Block.RotateTo","args":[{"x":0,"y":0,"z":0}]}},{"type":"tile","gaf":{"predicate":"Block.PaintTo","args":["Green"]}},{"type":"tile","gaf":{"predicate":"Block.TextureTo","args":["Grass",{"x":0,"y":0,"z":0}]}},{"type":"tile","gaf":{"predicate":"Block.ScaleTo","args":[{"x":1,"y":1,"z":1}]}}],[{"type":"tile","gaf":{"predicate":"Meta.Then","args":[]}}]]},
  {"tile-rows":[[{"type":"tile","gaf":{"predicate":"Meta.Stop","args":[]}},{"type":"tile","gaf":{"predicate":"Block.Create","args":["Terrain Space Starter Island 3"]}},{"type":"tile","gaf":{"predicate":"Block.MoveTo","args":[{"x":0,"y":0,"z":0}]}},{"type":"tile","gaf":{"predicate":"Block.RotateTo","args":[{"x":0,"y":0,"z":0}]}},{"type":"tile","gaf":{"predicate":"Block.PaintTo","args":["Light Ginger"]}},{"type":"tile","gaf":{"predicate":"Block.TextureTo","args":["Texture Crater_Terrain",{"x":0,"y":1,"z":0}]}},{"type":"tile","gaf":{"predicate":"Block.ScaleTo","args":[{"x":1,"y":1,"z":1}]}}],[{"type":"tile","gaf":{"predicate":"Meta.Then","args":[]}}]]},
  {"tile-rows":[[{"type":"tile","gaf":{"predicate":"Meta.Stop","args":[]}},{"type":"tile","gaf":{"predicate":"Block.Create","args":["Terrain Starter Island 4"]}},{"type":"tile","gaf":{"predicate":"Block.MoveTo","args":[{"x":0,"y":0,"z":0}]}},{"type":"tile","gaf":{"predicate":"Block.RotateTo","args":[{"x":0,"y":0,"z":0}]}},{"type":"tile","gaf":{"predicate":"Block.PaintTo","args":["Light Ginger"]}},{"type":"tile","gaf":{"predicate":"Block.TextureTo","args":["Texture Crater_Terrain",{"x":0,"y":1,"z":0}]}},{"type":"tile","gaf":{"predicate":"Block.ScaleTo","args":[{"x":1,"y":1,"z":1}]}}],[{"type":"tile","gaf":{"predicate":"Meta.Then","args":[]}}]]},
  {"tile-rows":[[{"type":"tile","gaf":{"predicate":"Meta.Stop","args":[]}},{"type":"tile","gaf":{"predicate":"Block.Create","args":["Terrain Starter Island 5"]}},{"type":"tile","gaf":{"predicate":"Block.MoveTo","args":[{"x":0,"y":0,"z":0}]}},{"type":"tile","gaf":{"predicate":"Block.RotateTo","args":[{"x":0,"y":0,"z":0}]}},{"type":"tile","gaf":{"predicate":"Block.PaintTo","args":["Light Ginger"]}},{"type":"tile","gaf":{"predicate":"Block.TextureTo","args":["Texture Crater_Terrain",{"x":0,"y":1,"z":0}]}},{"type":"tile","gaf":{"predicate":"Block.ScaleTo","args":[{"x":1,"y":1,"z":1}]}}],[{"type":"tile","gaf":{"predicate":"Meta.Then","args":[]}}]]},
  {"tile-rows":[[{"type":"tile","gaf":{"predicate":"Meta.Stop","args":[]}},{"type":"tile","gaf":{"predicate":"Block.Create","args":["Terrain Starter Island 6"]}},{"type":"tile","gaf":{"predicate":"Block.MoveTo","args":[{"x":0,"y":0,"z":0}]}},{"type":"tile","gaf":{"predicate":"Block.RotateTo","args":[{"x":0,"y":0,"z":0}]}},{"type":"tile","gaf":{"predicate":"Block.PaintTo","args":["Light Ginger"]}},{"type":"tile","gaf":{"predicate":"Block.TextureTo","args":["Texture Crater_Terrain",{"x":0,"y":1,"z":0}]}},{"type":"tile","gaf":{"predicate":"Block.ScaleTo","args":[{"x":1,"y":1,"z":1}]}}],[{"type":"tile","gaf":{"predicate":"Meta.Then","args":[]}}]]},
  {"tile-rows":[[{"type":"tile","gaf":{"predicate":"Meta.Stop","args":[]}},{"type":"tile","gaf":{"predicate":"Block.Create","args":["Billboard Nebula No Reflect"]}},{"type":"tile","gaf":{"predicate":"Block.MoveTo","args":[{"x":-400,"y":400,"z":-400}]}},{"type":"tile","gaf":{"predicate":"Block.RotateTo","args":[{"x":0,"y":0,"z":0}]}},{"type":"tile","gaf":{"predicate":"Block.PaintTo","args":["White"]}},{"type":"tile","gaf":{"predicate":"Block.TextureTo","args":["Texture Nebula",{"x":0,"y":1,"z":0}]}},{"type":"tile","gaf":{"predicate":"Block.ScaleTo","args":[{"x":1600,"y":1600,"z":1}]}}],[{"type":"tile","gaf":{"predicate":"Meta.Then","args":[]}}]]},
  {"tile-rows":[[{"type":"tile","gaf":{"predicate":"Meta.Stop","args":[]}},{"type":"tile","gaf":{"predicate":"Block.Create","args":["Billboard Celestial Emissive No Reflect"]}},{"type":"tile","gaf":{"predicate":"Block.MoveTo","args":[{"x":200,"y":150,"z":700}]}},{"type":"tile","gaf":{"predicate":"Block.RotateTo","args":[{"x":0,"y":0,"z":0}]}},{"type":"tile","gaf":{"predicate":"Block.PaintTo","args":["White"]}},{"type":"tile","gaf":{"predicate":"Block.TextureTo","args":["Moon",{"x":0,"y":1,"z":0}]}},{"type":"tile","gaf":{"predicate":"Block.ScaleTo","args":[{"x":20,"y":20,"z":1}]}}],[{"type":"tile","gaf":{"predicate":"Meta.Then","args":[]}}]]},
  {"tile-rows":[[{"type":"tile","gaf":{"predicate":"Meta.Stop","args":[]}},{"type":"tile","gaf":{"predicate":"Block.Create","args":["Asteroid D"]}},{"type":"tile","gaf":{"predicate":"Block.MoveTo","args":[{"x":-73,"y":41,"z":365.5}]}},{"type":"tile","gaf":{"predicate":"Block.RotateTo","args":[{"x":0,"y":0,"z":90}]}},{"type":"tile","gaf":{"predicate":"Block.PaintTo","args":["Light Ginger"]}},{"type":"tile","gaf":{"predicate":"Block.TextureTo","args":["Texture Crater_Terrain",{"x":1,"y":0,"z":0}]}},{"type":"tile","gaf":{"predicate":"Block.ScaleTo","args":[{"x":31,"y":39,"z":34}]}}],[{"type":"tile","gaf":{"predicate":"Meta.Then","args":[]}},{"type":"tile","gaf":{"predicate":"Block.Fixed","args":[]}}],[{"type":"tile","gaf":{"predicate":"Meta.Then","args":[]}}]]},
  {"tile-rows":[[{"type":"tile","gaf":{"predicate":"Meta.Stop","args":[]}},{"type":"tile","gaf":{"predicate":"Block.Create","args":["Asteroid D"]}},{"type":"tile","gaf":{"predicate":"Block.MoveTo","args":[{"x":321,"y":-269.5,"z":239}]}},{"type":"tile","gaf":{"predicate":"Block.RotateTo","args":[{"x":90,"y":270,"z":0}]}},{"type":"tile","gaf":{"predicate":"Block.PaintTo","args":["Light Ginger"]}},{"type":"tile","gaf":{"predicate":"Block.TextureTo","args":["Texture Crater_Terrain",{"x":1,"y":0,"z":0}]}},{"type":"tile","gaf":{"predicate":"Block.ScaleTo","args":[{"x":23,"y":23,"z":20}]}}],[{"type":"tile","gaf":{"predicate":"Meta.Then","args":[]}},{"type":"tile","gaf":{"predicate":"Block.Fixed","args":[]}}],[{"type":"tile","gaf":{"predicate":"Meta.Then","args":[]}}]]},
  {"tile-rows":[[{"type":"tile","gaf":{"predicate":"Meta.Stop","args":[]}},{"type":"tile","gaf":{"predicate":"Block.Create","args":["Asteroid A"]}},{"type":"tile","gaf":{"predicate":"Block.MoveTo","args":[{"x":302,"y":254.5,"z":383.5}]}},{"type":"tile","gaf":{"predicate":"Block.RotateTo","args":[{"x":0,"y":0,"z":0}]}},{"type":"tile","gaf":{"predicate":"Block.PaintTo","args":["Light Ginger"]}},{"type":"tile","gaf":{"predicate":"Block.TextureTo","args":["Texture Crater_Terrain",{"x":1,"y":0,"z":0}]}},{"type":"tile","gaf":{"predicate":"Block.ScaleTo","args":[{"x":61,"y":50,"z":66}]}}],[{"type":"tile","gaf":{"predicate":"Meta.Then","args":[]}},{"type":"tile","gaf":{"predicate":"Block.Fixed","args":[]}}],[{"type":"tile","gaf":{"predicate":"Meta.Then","args":[]}}]]},
  {"tile-rows":[[{"type":"tile","gaf":{"predicate":"Meta.Stop","args":[]}},{"type":"tile","gaf":{"predicate":"Block.Create","args":["Asteroid A"]}},{"type":"tile","gaf":{"predicate":"Block.MoveTo","args":[{"x":-259.5,"y":-363.5,"z":314}]}},{"type":"tile","gaf":{"predicate":"Block.RotateTo","args":[{"x":0,"y":0,"z":90}]}},{"type":"tile","gaf":{"predicate":"Block.PaintTo","args":["Light Ginger"]}},{"type":"tile","gaf":{"predicate":"Block.TextureTo","args":["Texture Crater_Terrain",{"x":1,"y":0,"z":0}]}},{"type":"tile","gaf":{"predicate":"Block.ScaleTo","args":[{"x":46,"y":30,"z":31}]}}],[{"type":"tile","gaf":{"predicate":"Meta.Then","args":[]}},{"type":"tile","gaf":{"predicate":"Block.Fixed","args":[]}}],[{"type":"tile","gaf":{"predicate":"Meta.Then","args":[]}}]]},
  {"tile-rows":[[{"type":"tile","gaf":{"predicate":"Meta.Stop","args":[]}},{"type":"tile","gaf":{"predicate":"Block.Create","args":["Asteroid C"]}},{"type":"tile","gaf":{"predicate":"Block.MoveTo","args":[{"x":515.5,"y":59.5,"z":-163.5}]}},{"type":"tile","gaf":{"predicate":"Block.RotateTo","args":[{"x":0,"y":90,"z":0}]}},{"type":"tile","gaf":{"predicate":"Block.PaintTo","args":["Light Ginger"]}},{"type":"tile","gaf":{"predicate":"Block.TextureTo","args":["Texture Crater_Terrain",{"x":1,"y":0,"z":0}]}},{"type":"tile","gaf":{"predicate":"Block.ScaleTo","args":[{"x":50,"y":52,"z":74}]}}],[{"type":"tile","gaf":{"predicate":"Meta.Then","args":[]}},{"type":"tile","gaf":{"predicate":"Block.Fixed","args":[]}}],[{"type":"tile","gaf":{"predicate":"Meta.Then","args":[]}}]]},
  {"tile-rows":[[{"type":"tile","gaf":{"predicate":"Meta.Stop","args":[]}},{"type":"tile","gaf":{"predicate":"Block.Create","args":["Asteroid B"]}},{"type":"tile","gaf":{"predicate":"Block.MoveTo","args":[{"x":-189.5,"y":108,"z":-113.5}]}},{"type":"tile","gaf":{"predicate":"Block.RotateTo","args":[{"x":270,"y":90,"z":0}]}},{"type":"tile","gaf":{"predicate":"Block.PaintTo","args":["Light Ginger"]}},{"type":"tile","gaf":{"predicate":"Block.TextureTo","args":["Texture Crater_Terrain",{"x":1,"y":0,"z":0}]}},{"type":"tile","gaf":{"predicate":"Block.ScaleTo","args":[{"x":48,"y":56,"z":39}]}}],[{"type":"tile","gaf":{"predicate":"Meta.Then","args":[]}},{"type":"tile","gaf":{"predicate":"Block.Fixed","args":[]}}],[{"type":"tile","gaf":{"predicate":"Meta.Then","args":[]}}]]},
  {"tile-rows":[[{"type":"tile","gaf":{"predicate":"Meta.Stop","args":[]}},{"type":"tile","gaf":{"predicate":"Block.Create","args":["Asteroid C"]}},{"type":"tile","gaf":{"predicate":"Block.MoveTo","args":[{"x":-55.5,"y":35,"z":-352}]}},{"type":"tile","gaf":{"predicate":"Block.RotateTo","args":[{"x":0,"y":0,"z":180}]}},{"type":"tile","gaf":{"predicate":"Block.PaintTo","args":["Light Ginger"]}},{"type":"tile","gaf":{"predicate":"Block.TextureTo","args":["Texture Crater_Terrain",{"x":1,"y":0,"z":0}]}},{"type":"tile","gaf":{"predicate":"Block.ScaleTo","args":[{"x":22,"y":31,"z":23}]}}],[{"type":"tile","gaf":{"predicate":"Meta.Then","args":[]}},{"type":"tile","gaf":{"predicate":"Block.Fixed","args":[]}}],[{"type":"tile","gaf":{"predicate":"Meta.Then","args":[]}}]]},
  {"tile-rows":[[{"type":"tile","gaf":{"predicate":"Meta.Stop","args":[]}},{"type":"tile","gaf":{"predicate":"Block.Create","args":["Asteroid D"]}},{"type":"tile","gaf":{"predicate":"Block.MoveTo","args":[{"x":-256.5,"y":-138,"z":-328}]}},{"type":"tile","gaf":{"predicate":"Block.RotateTo","args":[{"x":0,"y":90,"z":0}]}},{"type":"tile","gaf":{"predicate":"Block.PaintTo","args":["Light Ginger"]}},{"type":"tile","gaf":{"predicate":"Block.TextureTo","args":["Texture Crater_Terrain",{"x":1,"y":0,"z":0}]}},{"type":"tile","gaf":{"predicate":"Block.ScaleTo","args":[{"x":75,"y":63,"z":60}]}}],[{"type":"tile","gaf":{"predicate":"Meta.Then","args":[]}},{"type":"tile","gaf":{"predicate":"Block.Fixed","args":[]}}],[{"type":"tile","gaf":{"predicate":"Meta.Then","args":[]}}]]},
  {"tile-rows":[[{"type":"tile","gaf":{"predicate":"Meta.Stop","args":[]}},{"type":"tile","gaf":{"predicate":"Block.Create","args":["Asteroid D"]}},{"type":"tile","gaf":{"predicate":"Block.MoveTo","args":[{"x":-409,"y":60,"z":-77.5}]}},{"type":"tile","gaf":{"predicate":"Block.RotateTo","args":[{"x":90,"y":180,"z":0}]}},{"type":"tile","gaf":{"predicate":"Block.PaintTo","args":["Light Ginger"]}},{"type":"tile","gaf":{"predicate":"Block.TextureTo","args":["Texture Crater_Terrain",{"x":1,"y":0,"z":0}]}},{"type":"tile","gaf":{"predicate":"Block.ScaleTo","args":[{"x":33,"y":44,"z":21}]}}],[{"type":"tile","gaf":{"predicate":"Meta.Then","args":[]}},{"type":"tile","gaf":{"predicate":"Block.Fixed","args":[]}}],[{"type":"tile","gaf":{"predicate":"Meta.Then","args":[]}}]]},
  {"tile-rows":[[{"type":"tile","gaf":{"predicate":"Meta.Stop","args":[]}},{"type":"tile","gaf":{"predicate":"Block.Create","args":["Asteroid A"]}},{"type":"tile","gaf":{"predicate":"Block.MoveTo","args":[{"x":-191.5,"y":-102,"z":-383.5}]}},{"type":"tile","gaf":{"predicate":"Block.RotateTo","args":[{"x":0,"y":0,"z":0}]}},{"type":"tile","gaf":{"predicate":"Block.PaintTo","args":["Light Ginger"]}},{"type":"tile","gaf":{"predicate":"Block.TextureTo","args":["Texture Crater_Terrain",{"x":1,"y":0,"z":0}]}},{"type":"tile","gaf":{"predicate":"Block.ScaleTo","args":[{"x":32,"y":31,"z":32}]}}],[{"type":"tile","gaf":{"predicate":"Meta.Then","args":[]}},{"type":"tile","gaf":{"predicate":"Block.Fixed","args":[]}}],[{"type":"tile","gaf":{"predicate":"Meta.Then","args":[]}}]]},
  {"tile-rows":[[{"type":"tile","gaf":{"predicate":"Meta.Stop","args":[]}},{"type":"tile","gaf":{"predicate":"Block.Create","args":["Asteroid B"]}},{"type":"tile","gaf":{"predicate":"Block.MoveTo","args":[{"x":-541,"y":-194.5,"z":237.5}]}},{"type":"tile","gaf":{"predicate":"Block.RotateTo","args":[{"x":270,"y":0,"z":0}]}},{"type":"tile","gaf":{"predicate":"Block.PaintTo","args":["Light Ginger"]}},{"type":"tile","gaf":{"predicate":"Block.TextureTo","args":["Texture Crater_Terrain",{"x":1,"y":0,"z":0}]}},{"type":"tile","gaf":{"predicate":"Block.ScaleTo","args":[{"x":211,"y":218,"z":130}]}}],[{"type":"tile","gaf":{"predicate":"Meta.Then","args":[]}},{"type":"tile","gaf":{"predicate":"Block.Fixed","args":[]}}],[{"type":"tile","gaf":{"predicate":"Meta.Then","args":[]}}]]},
  {"tile-rows":[[{"type":"tile","gaf":{"predicate":"Meta.Stop","args":[]}},{"type":"tile","gaf":{"predicate":"Block.Create","args":["Asteroid A"]}},{"type":"tile","gaf":{"predicate":"Block.MoveTo","args":[{"x":175,"y":183.5,"z":-0.5}]}},{"type":"tile","gaf":{"predicate":"Block.RotateTo","args":[{"x":0,"y":0,"z":90}]}},{"type":"tile","gaf":{"predicate":"Block.PaintTo","args":["Light Ginger"]}},{"type":"tile","gaf":{"predicate":"Block.TextureTo","args":["Texture Crater_Terrain",{"x":1,"y":0,"z":0}]}},{"type":"tile","gaf":{"predicate":"Block.ScaleTo","args":[{"x":24,"y":25,"z":30}]}}],[{"type":"tile","gaf":{"predicate":"Meta.Then","args":[]}},{"type":"tile","gaf":{"predicate":"Block.Fixed","args":[]}}],[{"type":"tile","gaf":{"predicate":"Meta.Then","args":[]}}]]},
  {"tile-rows":[[{"type":"tile","gaf":{"predicate":"Meta.Stop","args":[]}},{"type":"tile","gaf":{"predicate":"Block.Create","args":["Asteroid C"]}},{"type":"tile","gaf":{"predicate":"Block.MoveTo","args":[{"x":35,"y":-220.5,"z":441.5}]}},{"type":"tile","gaf":{"predicate":"Block.RotateTo","args":[{"x":0,"y":90,"z":90}]}},{"type":"tile","gaf":{"predicate":"Block.PaintTo","args":["Light Ginger"]}},{"type":"tile","gaf":{"predicate":"Block.TextureTo","args":["Texture Crater_Terrain",{"x":1,"y":0,"z":0}]}},{"type":"tile","gaf":{"predicate":"Block.ScaleTo","args":[{"x":32,"y":52,"z":45}]}}],[{"type":"tile","gaf":{"predicate":"Meta.Then","args":[]}},{"type":"tile","gaf":{"predicate":"Block.Fixed","args":[]}}],[{"type":"tile","gaf":{"predicate":"Meta.Then","args":[]}}]]},
  {"tile-rows":[[{"type":"tile","gaf":{"predicate":"Meta.Stop","args":[]}},{"type":"tile","gaf":{"predicate":"Block.Create","args":["Asteroid B"]}},{"type":"tile","gaf":{"predicate":"Block.MoveTo","args":[{"x":-293.5,"y":-64.5,"z":554}]}},{"type":"tile","gaf":{"predicate":"Block.RotateTo","args":[{"x":270,"y":180,"z":0}]}},{"type":"tile","gaf":{"predicate":"Block.PaintTo","args":["Light Ginger"]}},{"type":"tile","gaf":{"predicate":"Block.TextureTo","args":["Texture Crater_Terrain",{"x":1,"y":0,"z":0}]}},{"type":"tile","gaf":{"predicate":"Block.ScaleTo","args":[{"x":60,"y":67,"z":54}]}}],[{"type":"tile","gaf":{"predicate":"Meta.Then","args":[]}},{"type":"tile","gaf":{"predicate":"Block.Fixed","args":[]}}],[{"type":"tile","gaf":{"predicate":"Meta.Then","args":[]}}]]},
  {"tile-rows":[[{"type":"tile","gaf":{"predicate":"Meta.Stop","args":[]}},{"type":"tile","gaf":{"predicate":"Block.Create","args":["Asteroid C"]}},{"type":"tile","gaf":{"predicate":"Block.MoveTo","args":[{"x":304.5,"y":-147.5,"z":826.5}]}},{"type":"tile","gaf":{"predicate":"Block.RotateTo","args":[{"x":270,"y":180,"z":0}]}},{"type":"tile","gaf":{"predicate":"Block.PaintTo","args":["Light Ginger"]}},{"type":"tile","gaf":{"predicate":"Block.TextureTo","args":["Texture Crater_Terrain",{"x":1,"y":0,"z":0}]}},{"type":"tile","gaf":{"predicate":"Block.ScaleTo","args":[{"x":110,"y":106,"z":94}]}}],[{"type":"tile","gaf":{"predicate":"Meta.Then","args":[]}},{"type":"tile","gaf":{"predicate":"Block.Fixed","args":[]}}],[{"type":"tile","gaf":{"predicate":"Meta.Then","args":[]}}]]},
  {"tile-rows":[[{"type":"tile","gaf":{"predicate":"Meta.Stop","args":[]}},{"type":"tile","gaf":{"predicate":"Block.Create","args":["Asteroid D"]}},{"type":"tile","gaf":{"predicate":"Block.MoveTo","args":[{"x":169.5,"y":80.5,"z":-466.5}]}},{"type":"tile","gaf":{"predicate":"Block.RotateTo","args":[{"x":270,"y":270,"z":0}]}},{"type":"tile","gaf":{"predicate":"Block.PaintTo","args":["Light Ginger"]}},{"type":"tile","gaf":{"predicate":"Block.TextureTo","args":["Texture Crater_Terrain",{"x":1,"y":0,"z":0}]}},{"type":"tile","gaf":{"predicate":"Block.ScaleTo","args":[{"x":106,"y":98,"z":84}]}}],[{"type":"tile","gaf":{"predicate":"Meta.Then","args":[]}},{"type":"tile","gaf":{"predicate":"Block.Fixed","args":[]}}],[{"type":"tile","gaf":{"predicate":"Meta.Then","args":[]}}]]},
  {"tile-rows":[[{"type":"tile","gaf":{"predicate":"Meta.Stop","args":[]}},{"type":"tile","gaf":{"predicate":"Block.Create","args":["Asteroid A"]}},{"type":"tile","gaf":{"predicate":"Block.MoveTo","args":[{"x":512,"y":167,"z":169}]}},{"type":"tile","gaf":{"predicate":"Block.RotateTo","args":[{"x":0,"y":0,"z":90}]}},{"type":"tile","gaf":{"predicate":"Block.PaintTo","args":["Light Ginger"]}},{"type":"tile","gaf":{"predicate":"Block.TextureTo","args":["Texture Crater_Terrain",{"x":1,"y":0,"z":0}]}},{"type":"tile","gaf":{"predicate":"Block.ScaleTo","args":[{"x":35,"y":45,"z":55}]}}],[{"type":"tile","gaf":{"predicate":"Meta.Then","args":[]}},{"type":"tile","gaf":{"predicate":"Block.Fixed","args":[]}}],[{"type":"tile","gaf":{"predicate":"Meta.Then","args":[]}}]]},
  {"tile-rows":[[{"type":"tile","gaf":{"predicate":"Meta.Stop","args":[]}},{"type":"tile","gaf":{"predicate":"Block.Create","args":["Asteroid C"]}},{"type":"tile","gaf":{"predicate":"Block.MoveTo","args":[{"x":31.5,"y":270,"z":57}]}},{"type":"tile","gaf":{"predicate":"Block.RotateTo","args":[{"x":270,"y":180,"z":0}]}},{"type":"tile","gaf":{"predicate":"Block.PaintTo","args":["Light Ginger"]}},{"type":"tile","gaf":{"predicate":"Block.TextureTo","args":["Texture Crater_Terrain",{"x":1,"y":0,"z":0}]}},{"type":"tile","gaf":{"predicate":"Block.ScaleTo","args":[{"x":82,"y":79,"z":75}]}}],[{"type":"tile","gaf":{"predicate":"Meta.Then","args":[]}},{"type":"tile","gaf":{"predicate":"Block.Fixed","args":[]}}],[{"type":"tile","gaf":{"predicate":"Meta.Then","args":[]}}]]},
  {"tile-rows":[[{"type":"tile","gaf":{"predicate":"Meta.Stop","args":[]}},{"type":"tile","gaf":{"predicate":"Block.Create","args":["Asteroid C"]}},{"type":"tile","gaf":{"predicate":"Block.MoveTo","args":[{"x":-322.5,"y":131.5,"z":213.5}]}},{"type":"tile","gaf":{"predicate":"Block.RotateTo","args":[{"x":0,"y":180,"z":0}]}},{"type":"tile","gaf":{"predicate":"Block.PaintTo","args":["Light Ginger"]}},{"type":"tile","gaf":{"predicate":"Block.TextureTo","args":["Texture Crater_Terrain",{"x":1,"y":0,"z":0}]}},{"type":"tile","gaf":{"predicate":"Block.ScaleTo","args":[{"x":50,"y":52,"z":74}]}}],[{"type":"tile","gaf":{"predicate":"Meta.Then","args":[]}},{"type":"tile","gaf":{"predicate":"Block.Fixed","args":[]}}],[{"type":"tile","gaf":{"predicate":"Meta.Then","args":[]}}]]},
  {"tile-rows":[[{"type":"tile","gaf":{"predicate":"Meta.Stop","args":[]}},{"type":"tile","gaf":{"predicate":"Block.Create","args":["Asteroid A"]}},{"type":"tile","gaf":{"predicate":"Block.MoveTo","args":[{"x":183,"y":378.5,"z":-211.5}]}},{"type":"tile","gaf":{"predicate":"Block.RotateTo","args":[{"x":0,"y":0,"z":270}]}},{"type":"tile","gaf":{"predicate":"Block.PaintTo","args":["Light Ginger"]}},{"type":"tile","gaf":{"predicate":"Block.TextureTo","args":["Texture Crater_Terrain",{"x":1,"y":0,"z":0}]}},{"type":"tile","gaf":{"predicate":"Block.ScaleTo","args":[{"x":46,"y":55,"z":52}]}}],[{"type":"tile","gaf":{"predicate":"Meta.Then","args":[]}},{"type":"tile","gaf":{"predicate":"Block.Fixed","args":[]}}],[{"type":"tile","gaf":{"predicate":"Meta.Then","args":[]}}]]},
  {"tile-rows":[[{"type":"tile","gaf":{"predicate":"Meta.Stop","args":[]}},{"type":"tile","gaf":{"predicate":"Block.Create","args":["Asteroid B"]}},{"type":"tile","gaf":{"predicate":"Block.MoveTo","args":[{"x":432.5,"y":298.5,"z":-384}]}},{"type":"tile","gaf":{"predicate":"Block.RotateTo","args":[{"x":0,"y":0,"z":270}]}},{"type":"tile","gaf":{"predicate":"Block.PaintTo","args":["Light Ginger"]}},{"type":"tile","gaf":{"predicate":"Block.TextureTo","args":["Texture Crater_Terrain",{"x":1,"y":0,"z":0}]}},{"type":"tile","gaf":{"predicate":"Block.ScaleTo","args":[{"x":58,"y":48,"z":55}]}}],[{"type":"tile","gaf":{"predicate":"Meta.Then","args":[]}},{"type":"tile","gaf":{"predicate":"Block.Fixed","args":[]}}],[{"type":"tile","gaf":{"predicate":"Meta.Then","args":[]}}]]},
  {"tile-rows":[[{"type":"tile","gaf":{"predicate":"Meta.Stop","args":[]}},{"type":"tile","gaf":{"predicate":"Block.Create","args":["Asteroid D"]}},{"type":"tile","gaf":{"predicate":"Block.MoveTo","args":[{"x":381.5,"y":-117.5,"z":0.5}]}},{"type":"tile","gaf":{"predicate":"Block.RotateTo","args":[{"x":270,"y":270,"z":0}]}},{"type":"tile","gaf":{"predicate":"Block.PaintTo","args":["Light Ginger"]}},{"type":"tile","gaf":{"predicate":"Block.TextureTo","args":["Texture Crater_Terrain",{"x":1,"y":0,"z":0}]}},{"type":"tile","gaf":{"predicate":"Block.ScaleTo","args":[{"x":52,"y":58,"z":60}]}}],[{"type":"tile","gaf":{"predicate":"Meta.Then","args":[]}},{"type":"tile","gaf":{"predicate":"Block.Fixed","args":[]}}],[{"type":"tile","gaf":{"predicate":"Meta.Then","args":[]}}]]},
  {"tile-rows":[[{"type":"tile","gaf":{"predicate":"Meta.Stop","args":[]}},{"type":"tile","gaf":{"predicate":"Block.Create","args":["Asteroid A"]}},{"type":"tile","gaf":{"predicate":"Block.MoveTo","args":[{"x":-620.5,"y":-48.5,"z":-392}]}},{"type":"tile","gaf":{"predicate":"Block.RotateTo","args":[{"x":0,"y":0,"z":0}]}},{"type":"tile","gaf":{"predicate":"Block.PaintTo","args":["Light Ginger"]}},{"type":"tile","gaf":{"predicate":"Block.TextureTo","args":["Texture Crater_Terrain",{"x":1,"y":0,"z":0}]}},{"type":"tile","gaf":{"predicate":"Block.ScaleTo","args":[{"x":46,"y":30,"z":31}]}}],[{"type":"tile","gaf":{"predicate":"Meta.Then","args":[]}},{"type":"tile","gaf":{"predicate":"Block.Fixed","args":[]}}],[{"type":"tile","gaf":{"predicate":"Meta.Then","args":[]}}]]},
  {"tile-rows":[[{"type":"tile","gaf":{"predicate":"Meta.Stop","args":[]}},{"type":"tile","gaf":{"predicate":"Block.Create","args":["Asteroid C"]}},{"type":"tile","gaf":{"predicate":"Block.MoveTo","args":[{"x":594.5,"y":-150,"z":442}]}},{"type":"tile","gaf":{"predicate":"Block.RotateTo","args":[{"x":0,"y":0,"z":0}]}},{"type":"tile","gaf":{"predicate":"Block.PaintTo","args":["Light Ginger"]}},{"type":"tile","gaf":{"predicate":"Block.TextureTo","args":["Texture Crater_Terrain",{"x":1,"y":0,"z":0}]}},{"type":"tile","gaf":{"predicate":"Block.ScaleTo","args":[{"x":82,"y":79,"z":75}]}}],[{"type":"tile","gaf":{"predicate":"Meta.Then","args":[]}},{"type":"tile","gaf":{"predicate":"Block.Fixed","args":[]}}],[{"type":"tile","gaf":{"predicate":"Meta.Then","args":[]}}]]}
 ],
 "connections":[
  [],
  [],
  [],
  [],
  [],
  [],
  [],
  [],
  [],
  [],
  [],
  [],
  [],
  [],
  [],
  [],
  [],
  [],
  [],
  [],
  [],
  [],
  [],
  [],
  [],
  [],
  [],
  [],
  [],
  [],
  [],
  []
 ],
 "connectionTypes":[
  [],
  [],
  [],
  [],
  [],
  [],
  [],
  [],
  [],
  [],
  [],
  [],
  [],
  [],
  [],
  [],
  [],
  [],
  [],
  [],
  [],
  [],
  [],
  [],
  [],
  [],
  [],
  [],
  [],
  [],
  [],
  []
 ],
 "frozen-in-terrain":[1,0,0,0,0,0,0,0,0,0,0,0,0,0,0,0,0,0,0,0,0,0,0,0,0,0,0,0,0,0,0,0],
 "camera":{
  "rotation":{"x":-0.11239,"y":0.88313,"z":-0.27134,"w":-0.3658},
  "position":{"x":226.6885,"y":137.63522,"z":260.15545},
  "playDistance":20,
  "playAngle":64.74999
 },
 "camera-poses":[
  {"name":"Camera Reset Pose","position":{"x":68.36035,"y":9.11056,"z":39.89257},"direction":{"x":-0.58068,"y":-0.61514,"z":-0.53328}}
 ]
}