{
 "blocks":[
  {"tile-rows":[[{"type":"tile","gaf":{"predicate":"Meta.Stop","args":[]}},{"type":"tile","gaf":{"predicate":"Block.Create","args":["Sky UV"]}},{"type":"tile","gaf":{"predicate":"Block.MoveTo","args":[{"x":0,"y":0,"z":0}]}},{"type":"tile","gaf":{"predicate":"Block.RotateTo","args":[{"x":0,"y":0,"z":0}]}},{"type":"tile","gaf":{"predicate":"Block.PaintTo","args":["White"]}},{"type":"tile","gaf":{"predicate":"Block.TextureTo","args":["Cloudy Sky",{"x":0,"y":0,"z":-1}]}},{"type":"tile","gaf":{"predicate":"Block.ScaleTo","args":[{"x":1,"y":1,"z":1}]}},{"type":"tile","gaf":{"predicate":"Block.SetFog","args":["200","400","White"]}},{"type":"tile","gaf":{"predicate":"Block.SetBackgroundMusic","args":["MusicBackground"]}},{"type":"tile","gaf":{"predicate":"Sky.EnvEffect","args":["Clear"]}},{"type":"tile","gaf":{"predicate":"Sky.SkyBoxTo","args":[7]}}],[{"type":"tile","gaf":{"predicate":"Meta.Then","args":[]}},{"type":"tile","gaf":{"predicate":"Block.Locked","args":[]}}],[{"type":"tile","gaf":{"predicate":"Meta.Then","args":[]}},{"type":"tile","gaf":{"predicate":"Sky.SetGravity","args":[{"x":0,"y":-20,"z":0}]}},{"type":"tile","gaf":{"predicate":"Block.Fixed","args":[]}}],[{"type":"tile","gaf":{"predicate":"Meta.Then","args":[]}}]]},
  {"tile-rows":[[{"type":"tile","gaf":{"predicate":"Meta.Stop","args":[]}},{"type":"tile","gaf":{"predicate":"Block.Create","args":["Water Endless Expanse"]}},{"type":"tile","gaf":{"predicate":"Block.MoveTo","args":[{"x":0,"y":-5,"z":0}]}},{"type":"tile","gaf":{"predicate":"Block.RotateTo","args":[{"x":0,"y":0,"z":0}]}},{"type":"tile","gaf":{"predicate":"Block.PaintTo","args":["Dark Green"]}},{"type":"tile","gaf":{"predicate":"Block.TextureTo","args":["Texture Water Stream",{"x":0,"y":1,"z":0}]}},{"type":"tile","gaf":{"predicate":"Block.ScaleTo","args":[{"x":2500,"y":1,"z":2500}]}}],[{"type":"tile","gaf":{"predicate":"Meta.Then","args":[]}},{"type":"tile","gaf":{"predicate":"Block.Locked","args":[]}}],[{"type":"tile","gaf":{"predicate":"Meta.Then","args":[]}}]]},
  {"tile-rows":[[{"type":"tile","gaf":{"predicate":"Meta.Stop","args":[]}},{"type":"tile","gaf":{"predicate":"Block.Create","args":["Terrain Ground 01"]}},{"type":"tile","gaf":{"predicate":"Block.MoveTo","args":[{"x":-175,"y":-9,"z":169.5}]}},{"type":"tile","gaf":{"predicate":"Block.RotateTo","args":[{"x":0,"y":270,"z":0}]}},{"type":"tile","gaf":{"predicate":"Block.PaintTo","args":["Dark Green"]}},{"type":"tile","gaf":{"predicate":"Block.TextureTo","args":["Grass 2",{"x":0,"y":1,"z":0}]}},{"type":"tile","gaf":{"predicate":"Block.ScaleTo","args":[{"x":206,"y":17,"z":269}]}},{"type":"tile","gaf":{"predicate":"Block.PaintTo","args":["Grey",1]}},{"type":"tile","gaf":{"predicate":"Block.TextureTo","args":["Rock",{"x":0.5,"y":0.5,"z":0.5},1]}},{"type":"tile","gaf":{"predicate":"Block.PaintTo","args":["Light Ginger",2]}},{"type":"tile","gaf":{"predicate":"Block.TextureTo","args":["Dust",{"x":0.5,"y":1,"z":0},2]}}],[{"type":"tile","gaf":{"predicate":"Meta.Then","args":[]}},{"type":"tile","gaf":{"predicate":"Block.Fixed","args":[]}}],[{"type":"tile","gaf":{"predicate":"Meta.Then","args":[]}}]]},
  {"tile-rows":[[{"type":"tile","gaf":{"predicate":"Meta.Stop","args":[]}},{"type":"tile","gaf":{"predicate":"Block.Create","args":["Terrain Ground 02"]}},{"type":"tile","gaf":{"predicate":"Block.MoveTo","args":[{"x":-238.5,"y":4.5,"z":167.5}]}},{"type":"tile","gaf":{"predicate":"Block.RotateTo","args":[{"x":0,"y":270,"z":0}]}},{"type":"tile","gaf":{"predicate":"Block.PaintTo","args":["Dark Green"]}},{"type":"tile","gaf":{"predicate":"Block.TextureTo","args":["Grass 2",{"x":0,"y":1,"z":0}]}},{"type":"tile","gaf":{"predicate":"Block.ScaleTo","args":[{"x":82,"y":12,"z":72}]}},{"type":"tile","gaf":{"predicate":"Block.PaintTo","args":["Grey",1]}},{"type":"tile","gaf":{"predicate":"Block.TextureTo","args":["Rock",{"x":1,"y":0,"z":-0.5},1]}},{"type":"tile","gaf":{"predicate":"Block.PaintTo","args":["Grey",2]}},{"type":"tile","gaf":{"predicate":"Block.TextureTo","args":["Rock",{"x":0.5,"y":1,"z":0},2]}}],[{"type":"tile","gaf":{"predicate":"Meta.Then","args":[]}},{"type":"tile","gaf":{"predicate":"Block.Fixed","args":[]}}],[{"type":"tile","gaf":{"predicate":"Meta.Then","args":[]}}]]},
  {"tile-rows":[[{"type":"tile","gaf":{"predicate":"Meta.Stop","args":[]}},{"type":"tile","gaf":{"predicate":"Block.Create","args":["Terrain Mountain Road"]}},{"type":"tile","gaf":{"predicate":"Block.MoveTo","args":[{"x":-123.5,"y":8.5,"z":163.5}]}},{"type":"tile","gaf":{"predicate":"Block.RotateTo","args":[{"x":0,"y":0,"z":0}]}},{"type":"tile","gaf":{"predicate":"Block.PaintTo","args":["Dark Green"]}},{"type":"tile","gaf":{"predicate":"Block.TextureTo","args":["Grass",{"x":0,"y":1,"z":0}]}},{"type":"tile","gaf":{"predicate":"Block.ScaleTo","args":[{"x":70,"y":20,"z":60}]}},{"type":"tile","gaf":{"predicate":"Block.PaintTo","args":["Black",1]}},{"type":"tile","gaf":{"predicate":"Block.TextureTo","args":["Plain",{"x":0,"y":1,"z":0},1]}},{"type":"tile","gaf":{"predicate":"Block.PaintTo","args":["Grey",2]}},{"type":"tile","gaf":{"predicate":"Block.TextureTo","args":["Grass",{"x":-0.5,"y":0,"z":-1},2]}}],[{"type":"tile","gaf":{"predicate":"Meta.Then","args":[]}},{"type":"tile","gaf":{"predicate":"Block.Fixed","args":[]}}],[{"type":"tile","gaf":{"predicate":"Meta.Then","args":[]}}]]},
  {"tile-rows":[[{"type":"tile","gaf":{"predicate":"Meta.Stop","args":[]}},{"type":"tile","gaf":{"predicate":"Block.Create","args":["Tree Spruce"]}},{"type":"tile","gaf":{"predicate":"Block.MoveTo","args":[{"x":-138.5,"y":4.5,"z":192.5}]}},{"type":"tile","gaf":{"predicate":"Block.RotateTo","args":[{"x":0,"y":270,"z":0}]}},{"type":"tile","gaf":{"predicate":"Block.PaintTo","args":["Green"]}},{"type":"tile","gaf":{"predicate":"Block.TextureTo","args":["Noise",{"x":0,"y":0,"z":1}]}},{"type":"tile","gaf":{"predicate":"Block.ScaleTo","args":[{"x":6,"y":10,"z":6}]}},{"type":"tile","gaf":{"predicate":"Block.PaintTo","args":["Brown",1]}},{"type":"tile","gaf":{"predicate":"Block.TextureTo","args":["Noise",{"x":0,"y":1,"z":0},1]}}],[{"type":"tile","gaf":{"predicate":"Meta.Then","args":[]}},{"type":"tile","gaf":{"predicate":"Block.Fixed","args":[]}}],[{"type":"tile","gaf":{"predicate":"Meta.Then","args":[]}}]]},
  {"tile-rows":[[{"type":"tile","gaf":{"predicate":"Meta.Stop","args":[]}},{"type":"tile","gaf":{"predicate":"Block.Create","args":["Tree Spruce"]}},{"type":"tile","gaf":{"predicate":"Block.MoveTo","args":[{"x":-144.5,"y":4.5,"z":187.5}]}},{"type":"tile","gaf":{"predicate":"Block.RotateTo","args":[{"x":0,"y":0,"z":0}]}},{"type":"tile","gaf":{"predicate":"Block.PaintTo","args":["Green"]}},{"type":"tile","gaf":{"predicate":"Block.TextureTo","args":["Noise",{"x":0,"y":0,"z":1}]}},{"type":"tile","gaf":{"predicate":"Block.ScaleTo","args":[{"x":6,"y":10,"z":6}]}},{"type":"tile","gaf":{"predicate":"Block.PaintTo","args":["Brown",1]}},{"type":"tile","gaf":{"predicate":"Block.TextureTo","args":["Noise",{"x":0,"y":1,"z":0},1]}}],[{"type":"tile","gaf":{"predicate":"Meta.Then","args":[]}},{"type":"tile","gaf":{"predicate":"Block.Fixed","args":[]}}],[{"type":"tile","gaf":{"predicate":"Meta.Then","args":[]}}]]},
  {"tile-rows":[[{"type":"tile","gaf":{"predicate":"Meta.Stop","args":[]}},{"type":"tile","gaf":{"predicate":"Block.Create","args":["Tree Spruce"]}},{"type":"tile","gaf":{"predicate":"Block.MoveTo","args":[{"x":-90.5,"y":4.5,"z":183.5}]}},{"type":"tile","gaf":{"predicate":"Block.RotateTo","args":[{"x":0,"y":0,"z":0}]}},{"type":"tile","gaf":{"predicate":"Block.PaintTo","args":["Green"]}},{"type":"tile","gaf":{"predicate":"Block.TextureTo","args":["Noise",{"x":0,"y":0,"z":1}]}},{"type":"tile","gaf":{"predicate":"Block.ScaleTo","args":[{"x":6,"y":10,"z":6}]}},{"type":"tile","gaf":{"predicate":"Block.PaintTo","args":["Brown",1]}},{"type":"tile","gaf":{"predicate":"Block.TextureTo","args":["Noise",{"x":0,"y":1,"z":0},1]}}],[{"type":"tile","gaf":{"predicate":"Meta.Then","args":[]}},{"type":"tile","gaf":{"predicate":"Block.Fixed","args":[]}}],[{"type":"tile","gaf":{"predicate":"Meta.Then","args":[]}}]]},
  {"tile-rows":[[{"type":"tile","gaf":{"predicate":"Meta.Stop","args":[]}},{"type":"tile","gaf":{"predicate":"Block.Create","args":["Tree Spruce"]}},{"type":"tile","gaf":{"predicate":"Block.MoveTo","args":[{"x":-120.5,"y":4.5,"z":197.5}]}},{"type":"tile","gaf":{"predicate":"Block.RotateTo","args":[{"x":0,"y":90,"z":0}]}},{"type":"tile","gaf":{"predicate":"Block.PaintTo","args":["Green"]}},{"type":"tile","gaf":{"predicate":"Block.TextureTo","args":["Noise",{"x":0,"y":0,"z":1}]}},{"type":"tile","gaf":{"predicate":"Block.ScaleTo","args":[{"x":6,"y":10,"z":6}]}},{"type":"tile","gaf":{"predicate":"Block.PaintTo","args":["Brown",1]}},{"type":"tile","gaf":{"predicate":"Block.TextureTo","args":["Noise",{"x":0,"y":1,"z":0},1]}}],[{"type":"tile","gaf":{"predicate":"Meta.Then","args":[]}},{"type":"tile","gaf":{"predicate":"Block.Fixed","args":[]}}],[{"type":"tile","gaf":{"predicate":"Meta.Then","args":[]}}]]},
  {"tile-rows":[[{"type":"tile","gaf":{"predicate":"Meta.Stop","args":[]}},{"type":"tile","gaf":{"predicate":"Block.Create","args":["Tree Spruce"]}},{"type":"tile","gaf":{"predicate":"Block.MoveTo","args":[{"x":-90.5,"y":4.5,"z":144.5}]}},{"type":"tile","gaf":{"predicate":"Block.RotateTo","args":[{"x":0,"y":90,"z":0}]}},{"type":"tile","gaf":{"predicate":"Block.PaintTo","args":["Green"]}},{"type":"tile","gaf":{"predicate":"Block.TextureTo","args":["Noise",{"x":0,"y":0,"z":1}]}},{"type":"tile","gaf":{"predicate":"Block.ScaleTo","args":[{"x":6,"y":10,"z":6}]}},{"type":"tile","gaf":{"predicate":"Block.PaintTo","args":["Brown",1]}},{"type":"tile","gaf":{"predicate":"Block.TextureTo","args":["Noise",{"x":0,"y":1,"z":0},1]}}],[{"type":"tile","gaf":{"predicate":"Meta.Then","args":[]}},{"type":"tile","gaf":{"predicate":"Block.Fixed","args":[]}}],[{"type":"tile","gaf":{"predicate":"Meta.Then","args":[]}}]]},
  {"tile-rows":[[{"type":"tile","gaf":{"predicate":"Meta.Stop","args":[]}},{"type":"tile","gaf":{"predicate":"Block.Create","args":["Tree Spruce"]}},{"type":"tile","gaf":{"predicate":"Block.MoveTo","args":[{"x":-87.5,"y":4.5,"z":154.5}]}},{"type":"tile","gaf":{"predicate":"Block.RotateTo","args":[{"x":0,"y":0,"z":0}]}},{"type":"tile","gaf":{"predicate":"Block.PaintTo","args":["Green"]}},{"type":"tile","gaf":{"predicate":"Block.TextureTo","args":["Noise",{"x":0,"y":0,"z":1}]}},{"type":"tile","gaf":{"predicate":"Block.ScaleTo","args":[{"x":6,"y":10,"z":6}]}},{"type":"tile","gaf":{"predicate":"Block.PaintTo","args":["Brown",1]}},{"type":"tile","gaf":{"predicate":"Block.TextureTo","args":["Noise",{"x":0,"y":1,"z":0},1]}}],[{"type":"tile","gaf":{"predicate":"Meta.Then","args":[]}},{"type":"tile","gaf":{"predicate":"Block.Fixed","args":[]}}],[{"type":"tile","gaf":{"predicate":"Meta.Then","args":[]}}]]},
  {"tile-rows":[[{"type":"tile","gaf":{"predicate":"Meta.Stop","args":[]}},{"type":"tile","gaf":{"predicate":"Block.Create","args":["Tree Spruce"]}},{"type":"tile","gaf":{"predicate":"Block.MoveTo","args":[{"x":-80.5,"y":4.5,"z":154.5}]}},{"type":"tile","gaf":{"predicate":"Block.RotateTo","args":[{"x":0,"y":0,"z":0}]}},{"type":"tile","gaf":{"predicate":"Block.PaintTo","args":["Green"]}},{"type":"tile","gaf":{"predicate":"Block.TextureTo","args":["Noise",{"x":0,"y":0,"z":1}]}},{"type":"tile","gaf":{"predicate":"Block.ScaleTo","args":[{"x":6,"y":10,"z":6}]}},{"type":"tile","gaf":{"predicate":"Block.PaintTo","args":["Brown",1]}},{"type":"tile","gaf":{"predicate":"Block.TextureTo","args":["Noise",{"x":0,"y":1,"z":0},1]}}],[{"type":"tile","gaf":{"predicate":"Meta.Then","args":[]}},{"type":"tile","gaf":{"predicate":"Block.Fixed","args":[]}}],[{"type":"tile","gaf":{"predicate":"Meta.Then","args":[]}}]]},
  {"tile-rows":[[{"type":"tile","gaf":{"predicate":"Meta.Stop","args":[]}},{"type":"tile","gaf":{"predicate":"Block.Create","args":["Tree Spruce"]}},{"type":"tile","gaf":{"predicate":"Block.MoveTo","args":[{"x":-86.5,"y":4.5,"z":161.5}]}},{"type":"tile","gaf":{"predicate":"Block.RotateTo","args":[{"x":0,"y":90,"z":0}]}},{"type":"tile","gaf":{"predicate":"Block.PaintTo","args":["Green"]}},{"type":"tile","gaf":{"predicate":"Block.TextureTo","args":["Noise",{"x":0,"y":0,"z":1}]}},{"type":"tile","gaf":{"predicate":"Block.ScaleTo","args":[{"x":6,"y":10,"z":6}]}},{"type":"tile","gaf":{"predicate":"Block.PaintTo","args":["Brown",1]}},{"type":"tile","gaf":{"predicate":"Block.TextureTo","args":["Noise",{"x":0,"y":1,"z":0},1]}}],[{"type":"tile","gaf":{"predicate":"Meta.Then","args":[]}},{"type":"tile","gaf":{"predicate":"Block.Fixed","args":[]}}],[{"type":"tile","gaf":{"predicate":"Meta.Then","args":[]}}]]},
  {"tile-rows":[[{"type":"tile","gaf":{"predicate":"Meta.Stop","args":[]}},{"type":"tile","gaf":{"predicate":"Block.Create","args":["Tree Spruce"]}},{"type":"tile","gaf":{"predicate":"Block.MoveTo","args":[{"x":-86.5,"y":4.5,"z":168.5}]}},{"type":"tile","gaf":{"predicate":"Block.RotateTo","args":[{"x":0,"y":0,"z":0}]}},{"type":"tile","gaf":{"predicate":"Block.PaintTo","args":["Green"]}},{"type":"tile","gaf":{"predicate":"Block.TextureTo","args":["Noise",{"x":0,"y":0,"z":1}]}},{"type":"tile","gaf":{"predicate":"Block.ScaleTo","args":[{"x":6,"y":10,"z":6}]}},{"type":"tile","gaf":{"predicate":"Block.PaintTo","args":["Brown",1]}},{"type":"tile","gaf":{"predicate":"Block.TextureTo","args":["Noise",{"x":0,"y":1,"z":0},1]}}],[{"type":"tile","gaf":{"predicate":"Meta.Then","args":[]}},{"type":"tile","gaf":{"predicate":"Block.Fixed","args":[]}}],[{"type":"tile","gaf":{"predicate":"Meta.Then","args":[]}}]]},
  {"tile-rows":[[{"type":"tile","gaf":{"predicate":"Meta.Stop","args":[]}},{"type":"tile","gaf":{"predicate":"Block.Create","args":["Tree Spruce"]}},{"type":"tile","gaf":{"predicate":"Block.MoveTo","args":[{"x":-86.5,"y":4.5,"z":175.5}]}},{"type":"tile","gaf":{"predicate":"Block.RotateTo","args":[{"x":0,"y":0,"z":0}]}},{"type":"tile","gaf":{"predicate":"Block.PaintTo","args":["Green"]}},{"type":"tile","gaf":{"predicate":"Block.TextureTo","args":["Noise",{"x":0,"y":0,"z":1}]}},{"type":"tile","gaf":{"predicate":"Block.ScaleTo","args":[{"x":6,"y":10,"z":6}]}},{"type":"tile","gaf":{"predicate":"Block.PaintTo","args":["Brown",1]}},{"type":"tile","gaf":{"predicate":"Block.TextureTo","args":["Noise",{"x":0,"y":1,"z":0},1]}}],[{"type":"tile","gaf":{"predicate":"Meta.Then","args":[]}},{"type":"tile","gaf":{"predicate":"Block.Fixed","args":[]}}],[{"type":"tile","gaf":{"predicate":"Meta.Then","args":[]}}]]},
  {"tile-rows":[[{"type":"tile","gaf":{"predicate":"Meta.Stop","args":[]}},{"type":"tile","gaf":{"predicate":"Block.Create","args":["Tree Spruce"]}},{"type":"tile","gaf":{"predicate":"Block.MoveTo","args":[{"x":-83.5,"y":4.5,"z":182.5}]}},{"type":"tile","gaf":{"predicate":"Block.RotateTo","args":[{"x":0,"y":270,"z":0}]}},{"type":"tile","gaf":{"predicate":"Block.PaintTo","args":["Green"]}},{"type":"tile","gaf":{"predicate":"Block.TextureTo","args":["Noise",{"x":0,"y":0,"z":1}]}},{"type":"tile","gaf":{"predicate":"Block.ScaleTo","args":[{"x":6,"y":10,"z":6}]}},{"type":"tile","gaf":{"predicate":"Block.PaintTo","args":["Brown",1]}},{"type":"tile","gaf":{"predicate":"Block.TextureTo","args":["Noise",{"x":0,"y":1,"z":0},1]}}],[{"type":"tile","gaf":{"predicate":"Meta.Then","args":[]}},{"type":"tile","gaf":{"predicate":"Block.Fixed","args":[]}}],[{"type":"tile","gaf":{"predicate":"Meta.Then","args":[]}}]]},
  {"tile-rows":[[{"type":"tile","gaf":{"predicate":"Meta.Stop","args":[]}},{"type":"tile","gaf":{"predicate":"Block.Create","args":["Tree Spruce"]}},{"type":"tile","gaf":{"predicate":"Block.MoveTo","args":[{"x":-94.5,"y":4.5,"z":189.5}]}},{"type":"tile","gaf":{"predicate":"Block.RotateTo","args":[{"x":0,"y":270,"z":0}]}},{"type":"tile","gaf":{"predicate":"Block.PaintTo","args":["Green"]}},{"type":"tile","gaf":{"predicate":"Block.TextureTo","args":["Noise",{"x":0,"y":0,"z":1}]}},{"type":"tile","gaf":{"predicate":"Block.ScaleTo","args":[{"x":6,"y":10,"z":6}]}},{"type":"tile","gaf":{"predicate":"Block.PaintTo","args":["Brown",1]}},{"type":"tile","gaf":{"predicate":"Block.TextureTo","args":["Noise",{"x":0,"y":1,"z":0},1]}}],[{"type":"tile","gaf":{"predicate":"Meta.Then","args":[]}},{"type":"tile","gaf":{"predicate":"Block.Fixed","args":[]}}],[{"type":"tile","gaf":{"predicate":"Meta.Then","args":[]}}]]},
  {"tile-rows":[[{"type":"tile","gaf":{"predicate":"Meta.Stop","args":[]}},{"type":"tile","gaf":{"predicate":"Block.Create","args":["Tree Spruce"]}},{"type":"tile","gaf":{"predicate":"Block.MoveTo","args":[{"x":-146.5,"y":4.5,"z":135.5}]}},{"type":"tile","gaf":{"predicate":"Block.RotateTo","args":[{"x":0,"y":0,"z":0}]}},{"type":"tile","gaf":{"predicate":"Block.PaintTo","args":["Green"]}},{"type":"tile","gaf":{"predicate":"Block.TextureTo","args":["Noise",{"x":0,"y":0,"z":1}]}},{"type":"tile","gaf":{"predicate":"Block.ScaleTo","args":[{"x":6,"y":10,"z":6}]}},{"type":"tile","gaf":{"predicate":"Block.PaintTo","args":["Brown",1]}},{"type":"tile","gaf":{"predicate":"Block.TextureTo","args":["Noise",{"x":0,"y":1,"z":0},1]}}],[{"type":"tile","gaf":{"predicate":"Meta.Then","args":[]}},{"type":"tile","gaf":{"predicate":"Block.Fixed","args":[]}}],[{"type":"tile","gaf":{"predicate":"Meta.Then","args":[]}}]]},
  {"tile-rows":[[{"type":"tile","gaf":{"predicate":"Meta.Stop","args":[]}},{"type":"tile","gaf":{"predicate":"Block.Create","args":["Tree Spruce"]}},{"type":"tile","gaf":{"predicate":"Block.MoveTo","args":[{"x":-79.5,"y":4.5,"z":145.5}]}},{"type":"tile","gaf":{"predicate":"Block.RotateTo","args":[{"x":0,"y":90,"z":0}]}},{"type":"tile","gaf":{"predicate":"Block.PaintTo","args":["Green"]}},{"type":"tile","gaf":{"predicate":"Block.TextureTo","args":["Noise",{"x":0,"y":0,"z":1}]}},{"type":"tile","gaf":{"predicate":"Block.ScaleTo","args":[{"x":6,"y":10,"z":6}]}},{"type":"tile","gaf":{"predicate":"Block.PaintTo","args":["Brown",1]}},{"type":"tile","gaf":{"predicate":"Block.TextureTo","args":["Noise",{"x":0,"y":1,"z":0},1]}}],[{"type":"tile","gaf":{"predicate":"Meta.Then","args":[]}},{"type":"tile","gaf":{"predicate":"Block.Fixed","args":[]}}],[{"type":"tile","gaf":{"predicate":"Meta.Then","args":[]}}]]},
  {"tile-rows":[[{"type":"tile","gaf":{"predicate":"Meta.Stop","args":[]}},{"type":"tile","gaf":{"predicate":"Block.Create","args":["Tree Spruce"]}},{"type":"tile","gaf":{"predicate":"Block.MoveTo","args":[{"x":-98.5,"y":4.5,"z":138.5}]}},{"type":"tile","gaf":{"predicate":"Block.RotateTo","args":[{"x":0,"y":180,"z":0}]}},{"type":"tile","gaf":{"predicate":"Block.PaintTo","args":["Green"]}},{"type":"tile","gaf":{"predicate":"Block.TextureTo","args":["Noise",{"x":0,"y":0,"z":1}]}},{"type":"tile","gaf":{"predicate":"Block.ScaleTo","args":[{"x":6,"y":10,"z":6}]}},{"type":"tile","gaf":{"predicate":"Block.PaintTo","args":["Brown",1]}},{"type":"tile","gaf":{"predicate":"Block.TextureTo","args":["Noise",{"x":0,"y":1,"z":0},1]}}],[{"type":"tile","gaf":{"predicate":"Meta.Then","args":[]}},{"type":"tile","gaf":{"predicate":"Block.Fixed","args":[]}}],[{"type":"tile","gaf":{"predicate":"Meta.Then","args":[]}}]]},
  {"tile-rows":[[{"type":"tile","gaf":{"predicate":"Meta.Stop","args":[]}},{"type":"tile","gaf":{"predicate":"Block.Create","args":["Tree Spruce"]}},{"type":"tile","gaf":{"predicate":"Block.MoveTo","args":[{"x":-91.5,"y":4.5,"z":137.5}]}},{"type":"tile","gaf":{"predicate":"Block.RotateTo","args":[{"x":0,"y":270,"z":0}]}},{"type":"tile","gaf":{"predicate":"Block.PaintTo","args":["Green"]}},{"type":"tile","gaf":{"predicate":"Block.TextureTo","args":["Noise",{"x":0,"y":0,"z":1}]}},{"type":"tile","gaf":{"predicate":"Block.ScaleTo","args":[{"x":6,"y":10,"z":6}]}},{"type":"tile","gaf":{"predicate":"Block.PaintTo","args":["Brown",1]}},{"type":"tile","gaf":{"predicate":"Block.TextureTo","args":["Noise",{"x":0,"y":1,"z":0},1]}}],[{"type":"tile","gaf":{"predicate":"Meta.Then","args":[]}},{"type":"tile","gaf":{"predicate":"Block.Fixed","args":[]}}],[{"type":"tile","gaf":{"predicate":"Meta.Then","args":[]}}]]},
  {"tile-rows":[[{"type":"tile","gaf":{"predicate":"Meta.Stop","args":[]}},{"type":"tile","gaf":{"predicate":"Block.Create","args":["Tree Spruce"]}},{"type":"tile","gaf":{"predicate":"Block.MoveTo","args":[{"x":-84.5,"y":4.5,"z":140.5}]}},{"type":"tile","gaf":{"predicate":"Block.RotateTo","args":[{"x":0,"y":270,"z":0}]}},{"type":"tile","gaf":{"predicate":"Block.PaintTo","args":["Green"]}},{"type":"tile","gaf":{"predicate":"Block.TextureTo","args":["Noise",{"x":0,"y":0,"z":1}]}},{"type":"tile","gaf":{"predicate":"Block.ScaleTo","args":[{"x":6,"y":10,"z":6}]}},{"type":"tile","gaf":{"predicate":"Block.PaintTo","args":["Brown",1]}},{"type":"tile","gaf":{"predicate":"Block.TextureTo","args":["Noise",{"x":0,"y":1,"z":0},1]}}],[{"type":"tile","gaf":{"predicate":"Meta.Then","args":[]}},{"type":"tile","gaf":{"predicate":"Block.Fixed","args":[]}}],[{"type":"tile","gaf":{"predicate":"Meta.Then","args":[]}}]]},
  {"tile-rows":[[{"type":"tile","gaf":{"predicate":"Meta.Stop","args":[]}},{"type":"tile","gaf":{"predicate":"Block.Create","args":["Tree Spruce"]}},{"type":"tile","gaf":{"predicate":"Block.MoveTo","args":[{"x":-85.5,"y":4.5,"z":148.5}]}},{"type":"tile","gaf":{"predicate":"Block.RotateTo","args":[{"x":0,"y":0,"z":0}]}},{"type":"tile","gaf":{"predicate":"Block.PaintTo","args":["Green"]}},{"type":"tile","gaf":{"predicate":"Block.TextureTo","args":["Noise",{"x":0,"y":0,"z":1}]}},{"type":"tile","gaf":{"predicate":"Block.ScaleTo","args":[{"x":6,"y":10,"z":6}]}},{"type":"tile","gaf":{"predicate":"Block.PaintTo","args":["Brown",1]}},{"type":"tile","gaf":{"predicate":"Block.TextureTo","args":["Noise",{"x":0,"y":1,"z":0},1]}}],[{"type":"tile","gaf":{"predicate":"Meta.Then","args":[]}},{"type":"tile","gaf":{"predicate":"Block.Fixed","args":[]}}],[{"type":"tile","gaf":{"predicate":"Meta.Then","args":[]}}]]},
  {"tile-rows":[[{"type":"tile","gaf":{"predicate":"Meta.Stop","args":[]}},{"type":"tile","gaf":{"predicate":"Block.Create","args":["Forrest"]}},{"type":"tile","gaf":{"predicate":"Block.MoveTo","args":[{"x":-103.5,"y":17,"z":56}]}},{"type":"tile","gaf":{"predicate":"Block.RotateTo","args":[{"x":0,"y":0,"z":0}]}},{"type":"tile","gaf":{"predicate":"Block.PaintTo","args":["Green"]}},{"type":"tile","gaf":{"predicate":"Block.TextureTo","args":["Noise Terrain",{"x":0,"y":0,"z":1}]}},{"type":"tile","gaf":{"predicate":"Block.ScaleTo","args":[{"x":76,"y":35,"z":71}]}},{"type":"tile","gaf":{"predicate":"Block.PaintTo","args":["Green",1]}},{"type":"tile","gaf":{"predicate":"Block.TextureTo","args":["Noise Terrain",{"x":0,"y":1,"z":0},1]}},{"type":"tile","gaf":{"predicate":"Block.PaintTo","args":["Brown",2]}},{"type":"tile","gaf":{"predicate":"Block.TextureTo","args":["Noise Terrain",{"x":0,"y":1,"z":0},2]}}],[{"type":"tile","gaf":{"predicate":"Meta.Then","args":[]}},{"type":"tile","gaf":{"predicate":"Block.Fixed","args":[]}}],[{"type":"tile","gaf":{"predicate":"Meta.Then","args":[]}}]]},
  {"tile-rows":[[{"type":"tile","gaf":{"predicate":"Meta.Stop","args":[]}},{"type":"tile","gaf":{"predicate":"Block.Create","args":["Forrest"]}},{"type":"tile","gaf":{"predicate":"Block.MoveTo","args":[{"x":-120.5,"y":8.5,"z":91}]}},{"type":"tile","gaf":{"predicate":"Block.RotateTo","args":[{"x":0,"y":0,"z":0}]}},{"type":"tile","gaf":{"predicate":"Block.PaintTo","args":["Green"]}},{"type":"tile","gaf":{"predicate":"Block.TextureTo","args":["Noise Terrain",{"x":0,"y":0,"z":1}]}},{"type":"tile","gaf":{"predicate":"Block.ScaleTo","args":[{"x":40,"y":18,"z":43}]}},{"type":"tile","gaf":{"predicate":"Block.PaintTo","args":["Green",1]}},{"type":"tile","gaf":{"predicate":"Block.TextureTo","args":["Noise Terrain",{"x":0,"y":1,"z":0},1]}},{"type":"tile","gaf":{"predicate":"Block.PaintTo","args":["Brown",2]}},{"type":"tile","gaf":{"predicate":"Block.TextureTo","args":["Noise Terrain",{"x":0,"y":1,"z":0},2]}}],[{"type":"tile","gaf":{"predicate":"Meta.Then","args":[]}},{"type":"tile","gaf":{"predicate":"Block.Fixed","args":[]}}],[{"type":"tile","gaf":{"predicate":"Meta.Then","args":[]}}]]},
  {"tile-rows":[[{"type":"tile","gaf":{"predicate":"Meta.Stop","args":[]}},{"type":"tile","gaf":{"predicate":"Block.Create","args":["Terrain Ground 01"]}},{"type":"tile","gaf":{"predicate":"Block.MoveTo","args":[{"x":-141,"y":-9,"z":14}]}},{"type":"tile","gaf":{"predicate":"Block.RotateTo","args":[{"x":0,"y":270,"z":0}]}},{"type":"tile","gaf":{"predicate":"Block.PaintTo","args":["Dark Green"]}},{"type":"tile","gaf":{"predicate":"Block.TextureTo","args":["Grass 2",{"x":0,"y":1,"z":0}]}},{"type":"tile","gaf":{"predicate":"Block.ScaleTo","args":[{"x":471,"y":17,"z":421}]}},{"type":"tile","gaf":{"predicate":"Block.PaintTo","args":["Grey",1]}},{"type":"tile","gaf":{"predicate":"Block.TextureTo","args":["Rock",{"x":0.5,"y":0.5,"z":0.5},1]}},{"type":"tile","gaf":{"predicate":"Block.PaintTo","args":["Light Ginger",2]}},{"type":"tile","gaf":{"predicate":"Block.TextureTo","args":["Dust",{"x":0.5,"y":1,"z":0},2]}}],[{"type":"tile","gaf":{"predicate":"Meta.Then","args":[]}},{"type":"tile","gaf":{"predicate":"Block.Fixed","args":[]}}],[{"type":"tile","gaf":{"predicate":"Meta.Then","args":[]}}]]},
  {"tile-rows":[[{"type":"tile","gaf":{"predicate":"Meta.Stop","args":[]}},{"type":"tile","gaf":{"predicate":"Block.Create","args":["Cave"]}},{"type":"tile","gaf":{"predicate":"Block.MoveTo","args":[{"x":-240,"y":3,"z":170}]}},{"type":"tile","gaf":{"predicate":"Block.RotateTo","args":[{"x":0,"y":180,"z":0}]}},{"type":"tile","gaf":{"predicate":"Block.PaintTo","args":["Grey"]}},{"type":"tile","gaf":{"predicate":"Block.TextureTo","args":["Rock",{"x":0,"y":1,"z":0}]}},{"type":"tile","gaf":{"predicate":"Block.ScaleTo","args":[{"x":11,"y":7,"z":11}]}},{"type":"tile","gaf":{"predicate":"Block.PaintTo","args":["Grey",1]}},{"type":"tile","gaf":{"predicate":"Block.TextureTo","args":["Rock",{"x":0,"y":1,"z":0},1]}},{"type":"tile","gaf":{"predicate":"Block.PaintTo","args":["Black",2]}},{"type":"tile","gaf":{"predicate":"Block.TextureTo","args":["Rock",{"x":0,"y":1,"z":0},2]}},{"type":"tile","gaf":{"predicate":"Block.PaintTo","args":["Grey",3]}},{"type":"tile","gaf":{"predicate":"Block.TextureTo","args":["Rock",{"x":0,"y":1,"z":0},3]}}],[{"type":"tile","gaf":{"predicate":"Meta.Then","args":[]}},{"type":"tile","gaf":{"predicate":"Block.Fixed","args":[]}}],[{"type":"tile","gaf":{"predicate":"Meta.Then","args":[]}}]]},
  {"tile-rows":[[{"type":"tile","gaf":{"predicate":"Meta.Stop","args":[]}},{"type":"tile","gaf":{"predicate":"Block.Create","args":["Tree Spruce"]}},{"type":"tile","gaf":{"predicate":"Block.MoveTo","args":[{"x":-238.5,"y":4.5,"z":184.5}]}},{"type":"tile","gaf":{"predicate":"Block.RotateTo","args":[{"x":0,"y":0,"z":0}]}},{"type":"tile","gaf":{"predicate":"Block.PaintTo","args":["Green"]}},{"type":"tile","gaf":{"predicate":"Block.TextureTo","args":["Noise",{"x":0,"y":0,"z":1}]}},{"type":"tile","gaf":{"predicate":"Block.ScaleTo","args":[{"x":6,"y":10,"z":6}]}},{"type":"tile","gaf":{"predicate":"Block.PaintTo","args":["Brown",1]}},{"type":"tile","gaf":{"predicate":"Block.TextureTo","args":["Noise",{"x":0,"y":1,"z":0},1]}}],[{"type":"tile","gaf":{"predicate":"Meta.Then","args":[]}},{"type":"tile","gaf":{"predicate":"Block.Fixed","args":[]}}],[{"type":"tile","gaf":{"predicate":"Meta.Then","args":[]}}]]},
  {"tile-rows":[[{"type":"tile","gaf":{"predicate":"Meta.Stop","args":[]}},{"type":"tile","gaf":{"predicate":"Block.Create","args":["Tree Spruce"]}},{"type":"tile","gaf":{"predicate":"Block.MoveTo","args":[{"x":-231.5,"y":4.5,"z":175.5}]}},{"type":"tile","gaf":{"predicate":"Block.RotateTo","args":[{"x":0,"y":0,"z":0}]}},{"type":"tile","gaf":{"predicate":"Block.PaintTo","args":["Green"]}},{"type":"tile","gaf":{"predicate":"Block.TextureTo","args":["Noise",{"x":0,"y":0,"z":1}]}},{"type":"tile","gaf":{"predicate":"Block.ScaleTo","args":[{"x":6,"y":10,"z":6}]}},{"type":"tile","gaf":{"predicate":"Block.PaintTo","args":["Brown",1]}},{"type":"tile","gaf":{"predicate":"Block.TextureTo","args":["Noise",{"x":0,"y":1,"z":0},1]}}],[{"type":"tile","gaf":{"predicate":"Meta.Then","args":[]}},{"type":"tile","gaf":{"predicate":"Block.Fixed","args":[]}}],[{"type":"tile","gaf":{"predicate":"Meta.Then","args":[]}}]]},
  {"tile-rows":[[{"type":"tile","gaf":{"predicate":"Meta.Stop","args":[]}},{"type":"tile","gaf":{"predicate":"Block.Create","args":["Tree Spruce"]}},{"type":"tile","gaf":{"predicate":"Block.MoveTo","args":[{"x":-217.5,"y":13.5,"z":162.5}]}},{"type":"tile","gaf":{"predicate":"Block.RotateTo","args":[{"x":0,"y":270,"z":0}]}},{"type":"tile","gaf":{"predicate":"Block.PaintTo","args":["Green"]}},{"type":"tile","gaf":{"predicate":"Block.TextureTo","args":["Noise",{"x":0,"y":0,"z":1}]}},{"type":"tile","gaf":{"predicate":"Block.ScaleTo","args":[{"x":6,"y":10,"z":6}]}},{"type":"tile","gaf":{"predicate":"Block.PaintTo","args":["Brown",1]}},{"type":"tile","gaf":{"predicate":"Block.TextureTo","args":["Noise",{"x":0,"y":1,"z":0},1]}}],[{"type":"tile","gaf":{"predicate":"Meta.Then","args":[]}},{"type":"tile","gaf":{"predicate":"Block.Fixed","args":[]}}],[{"type":"tile","gaf":{"predicate":"Meta.Then","args":[]}}]]},
  {"tile-rows":[[{"type":"tile","gaf":{"predicate":"Meta.Stop","args":[]}},{"type":"tile","gaf":{"predicate":"Block.Create","args":["Boulder 2"]}},{"type":"tile","gaf":{"predicate":"Block.MoveTo","args":[{"x":-246,"y":2.5,"z":169.5}]}},{"type":"tile","gaf":{"predicate":"Block.RotateTo","args":[{"x":0,"y":270,"z":0}]}},{"type":"tile","gaf":{"predicate":"Block.PaintTo","args":["Grey"]}},{"type":"tile","gaf":{"predicate":"Block.TextureTo","args":["Plain",{"x":0,"y":1,"z":0}]}},{"type":"tile","gaf":{"predicate":"Block.ScaleTo","args":[{"x":6,"y":6,"z":7}]}}],[{"type":"tile","gaf":{"predicate":"Meta.Then","args":[]}},{"type":"tile","gaf":{"predicate":"Block.Fixed","args":[]}}],[{"type":"tile","gaf":{"predicate":"Meta.Then","args":[]}}]]},
  {"tile-rows":[[{"type":"tile","gaf":{"predicate":"Meta.Stop","args":[]}},{"type":"tile","gaf":{"predicate":"Block.Create","args":["Boulder 2"]}},{"type":"tile","gaf":{"predicate":"Block.MoveTo","args":[{"x":-145,"y":2.5,"z":177.5}]}},{"type":"tile","gaf":{"predicate":"Block.RotateTo","args":[{"x":0,"y":270,"z":0}]}},{"type":"tile","gaf":{"predicate":"Block.PaintTo","args":["Grey"]}},{"type":"tile","gaf":{"predicate":"Block.TextureTo","args":["Plain",{"x":0,"y":1,"z":0}]}},{"type":"tile","gaf":{"predicate":"Block.ScaleTo","args":[{"x":6,"y":6,"z":7}]}}],[{"type":"tile","gaf":{"predicate":"Meta.Then","args":[]}},{"type":"tile","gaf":{"predicate":"Block.Fixed","args":[]}}],[{"type":"tile","gaf":{"predicate":"Meta.Then","args":[]}}]]},
  {"tile-rows":[[{"type":"tile","gaf":{"predicate":"Meta.Stop","args":[]}},{"type":"tile","gaf":{"predicate":"Block.Create","args":["Tree Spruce"]}},{"type":"tile","gaf":{"predicate":"Block.MoveTo","args":[{"x":-100.5,"y":4.5,"z":191.5}]}},{"type":"tile","gaf":{"predicate":"Block.RotateTo","args":[{"x":0,"y":0,"z":0}]}},{"type":"tile","gaf":{"predicate":"Block.PaintTo","args":["Green"]}},{"type":"tile","gaf":{"predicate":"Block.TextureTo","args":["Noise",{"x":0,"y":0,"z":1}]}},{"type":"tile","gaf":{"predicate":"Block.ScaleTo","args":[{"x":6,"y":10,"z":6}]}},{"type":"tile","gaf":{"predicate":"Block.PaintTo","args":["Brown",1]}},{"type":"tile","gaf":{"predicate":"Block.TextureTo","args":["Noise",{"x":0,"y":1,"z":0},1]}}],[{"type":"tile","gaf":{"predicate":"Meta.Then","args":[]}},{"type":"tile","gaf":{"predicate":"Block.Fixed","args":[]}}],[{"type":"tile","gaf":{"predicate":"Meta.Then","args":[]}}]]},
  {"tile-rows":[[{"type":"tile","gaf":{"predicate":"Meta.Stop","args":[]}},{"type":"tile","gaf":{"predicate":"Block.Create","args":["Tree Spruce"]}},{"type":"tile","gaf":{"predicate":"Block.MoveTo","args":[{"x":-105.5,"y":4.5,"z":194.5}]}},{"type":"tile","gaf":{"predicate":"Block.RotateTo","args":[{"x":0,"y":180,"z":0}]}},{"type":"tile","gaf":{"predicate":"Block.PaintTo","args":["Green"]}},{"type":"tile","gaf":{"predicate":"Block.TextureTo","args":["Noise",{"x":0,"y":0,"z":1}]}},{"type":"tile","gaf":{"predicate":"Block.ScaleTo","args":[{"x":6,"y":10,"z":6}]}},{"type":"tile","gaf":{"predicate":"Block.PaintTo","args":["Brown",1]}},{"type":"tile","gaf":{"predicate":"Block.TextureTo","args":["Noise",{"x":0,"y":1,"z":0},1]}}],[{"type":"tile","gaf":{"predicate":"Meta.Then","args":[]}},{"type":"tile","gaf":{"predicate":"Block.Fixed","args":[]}}],[{"type":"tile","gaf":{"predicate":"Meta.Then","args":[]}}]]},
  {"tile-rows":[[{"type":"tile","gaf":{"predicate":"Meta.Stop","args":[]}},{"type":"tile","gaf":{"predicate":"Block.Create","args":["Tree Spruce"]}},{"type":"tile","gaf":{"predicate":"Block.MoveTo","args":[{"x":-87.5,"y":4.5,"z":188.5}]}},{"type":"tile","gaf":{"predicate":"Block.RotateTo","args":[{"x":0,"y":180,"z":0}]}},{"type":"tile","gaf":{"predicate":"Block.PaintTo","args":["Green"]}},{"type":"tile","gaf":{"predicate":"Block.TextureTo","args":["Noise",{"x":0,"y":0,"z":1}]}},{"type":"tile","gaf":{"predicate":"Block.ScaleTo","args":[{"x":6,"y":10,"z":6}]}},{"type":"tile","gaf":{"predicate":"Block.PaintTo","args":["Brown",1]}},{"type":"tile","gaf":{"predicate":"Block.TextureTo","args":["Noise",{"x":0,"y":1,"z":0},1]}}],[{"type":"tile","gaf":{"predicate":"Meta.Then","args":[]}},{"type":"tile","gaf":{"predicate":"Block.Fixed","args":[]}}],[{"type":"tile","gaf":{"predicate":"Meta.Then","args":[]}}]]},
  {"tile-rows":[[{"type":"tile","gaf":{"predicate":"Meta.Stop","args":[]}},{"type":"tile","gaf":{"predicate":"Block.Create","args":["Tree Spruce"]}},{"type":"tile","gaf":{"predicate":"Block.MoveTo","args":[{"x":-81.5,"y":4.5,"z":188.5}]}},{"type":"tile","gaf":{"predicate":"Block.RotateTo","args":[{"x":0,"y":180,"z":0}]}},{"type":"tile","gaf":{"predicate":"Block.PaintTo","args":["Green"]}},{"type":"tile","gaf":{"predicate":"Block.TextureTo","args":["Noise",{"x":0,"y":0,"z":1}]}},{"type":"tile","gaf":{"predicate":"Block.ScaleTo","args":[{"x":6,"y":10,"z":6}]}},{"type":"tile","gaf":{"predicate":"Block.PaintTo","args":["Brown",1]}},{"type":"tile","gaf":{"predicate":"Block.TextureTo","args":["Noise",{"x":0,"y":1,"z":0},1]}}],[{"type":"tile","gaf":{"predicate":"Meta.Then","args":[]}},{"type":"tile","gaf":{"predicate":"Block.Fixed","args":[]}}],[{"type":"tile","gaf":{"predicate":"Meta.Then","args":[]}}]]},
  {"tile-rows":[[{"type":"tile","gaf":{"predicate":"Meta.Stop","args":[]}},{"type":"tile","gaf":{"predicate":"Block.Create","args":["Forrest"]}},{"type":"tile","gaf":{"predicate":"Block.MoveTo","args":[{"x":-44.5,"y":24.5,"z":54.5}]}},{"type":"tile","gaf":{"predicate":"Block.RotateTo","args":[{"x":0,"y":0,"z":0}]}},{"type":"tile","gaf":{"predicate":"Block.PaintTo","args":["Green"]}},{"type":"tile","gaf":{"predicate":"Block.TextureTo","args":["Noise Terrain",{"x":0,"y":0,"z":1}]}},{"type":"tile","gaf":{"predicate":"Block.ScaleTo","args":[{"x":98,"y":50,"z":106}]}},{"type":"tile","gaf":{"predicate":"Block.PaintTo","args":["Green",1]}},{"type":"tile","gaf":{"predicate":"Block.TextureTo","args":["Noise Terrain",{"x":0,"y":1,"z":0},1]}},{"type":"tile","gaf":{"predicate":"Block.PaintTo","args":["Brown",2]}},{"type":"tile","gaf":{"predicate":"Block.TextureTo","args":["Noise Terrain",{"x":0,"y":1,"z":0},2]}}],[{"type":"tile","gaf":{"predicate":"Meta.Then","args":[]}},{"type":"tile","gaf":{"predicate":"Block.Fixed","args":[]}}],[{"type":"tile","gaf":{"predicate":"Meta.Then","args":[]}}]]},
  {"tile-rows":[[{"type":"tile","gaf":{"predicate":"Meta.Stop","args":[]}},{"type":"tile","gaf":{"predicate":"Block.Create","args":["Tree Spruce"]}},{"type":"tile","gaf":{"predicate":"Block.MoveTo","args":[{"x":-214.5,"y":4.5,"z":137.5}]}},{"type":"tile","gaf":{"predicate":"Block.RotateTo","args":[{"x":0,"y":90,"z":0}]}},{"type":"tile","gaf":{"predicate":"Block.PaintTo","args":["Green"]}},{"type":"tile","gaf":{"predicate":"Block.TextureTo","args":["Noise",{"x":0,"y":0,"z":1}]}},{"type":"tile","gaf":{"predicate":"Block.ScaleTo","args":[{"x":6,"y":10,"z":6}]}},{"type":"tile","gaf":{"predicate":"Block.PaintTo","args":["Brown",1]}},{"type":"tile","gaf":{"predicate":"Block.TextureTo","args":["Noise",{"x":0,"y":1,"z":0},1]}}],[{"type":"tile","gaf":{"predicate":"Meta.Then","args":[]}},{"type":"tile","gaf":{"predicate":"Block.Fixed","args":[]}}],[{"type":"tile","gaf":{"predicate":"Meta.Then","args":[]}}]]},
  {"tile-rows":[[{"type":"tile","gaf":{"predicate":"Meta.Stop","args":[]}},{"type":"tile","gaf":{"predicate":"Block.Create","args":["Tree Spruce"]}},{"type":"tile","gaf":{"predicate":"Block.MoveTo","args":[{"x":-208.5,"y":4.5,"z":140.5}]}},{"type":"tile","gaf":{"predicate":"Block.RotateTo","args":[{"x":0,"y":90,"z":0}]}},{"type":"tile","gaf":{"predicate":"Block.PaintTo","args":["Green"]}},{"type":"tile","gaf":{"predicate":"Block.TextureTo","args":["Noise",{"x":0,"y":0,"z":1}]}},{"type":"tile","gaf":{"predicate":"Block.ScaleTo","args":[{"x":6,"y":10,"z":6}]}},{"type":"tile","gaf":{"predicate":"Block.PaintTo","args":["Brown",1]}},{"type":"tile","gaf":{"predicate":"Block.TextureTo","args":["Noise",{"x":0,"y":1,"z":0},1]}}],[{"type":"tile","gaf":{"predicate":"Meta.Then","args":[]}},{"type":"tile","gaf":{"predicate":"Block.Fixed","args":[]}}],[{"type":"tile","gaf":{"predicate":"Meta.Then","args":[]}}]]},
  {"tile-rows":[[{"type":"tile","gaf":{"predicate":"Meta.Stop","args":[]}},{"type":"tile","gaf":{"predicate":"Block.Create","args":["Tree Spruce"]}},{"type":"tile","gaf":{"predicate":"Block.MoveTo","args":[{"x":-205.5,"y":4.5,"z":146.5}]}},{"type":"tile","gaf":{"predicate":"Block.RotateTo","args":[{"x":0,"y":270,"z":0}]}},{"type":"tile","gaf":{"predicate":"Block.PaintTo","args":["Green"]}},{"type":"tile","gaf":{"predicate":"Block.TextureTo","args":["Noise",{"x":0,"y":0,"z":1}]}},{"type":"tile","gaf":{"predicate":"Block.ScaleTo","args":[{"x":6,"y":10,"z":6}]}},{"type":"tile","gaf":{"predicate":"Block.PaintTo","args":["Brown",1]}},{"type":"tile","gaf":{"predicate":"Block.TextureTo","args":["Noise",{"x":0,"y":1,"z":0},1]}}],[{"type":"tile","gaf":{"predicate":"Meta.Then","args":[]}},{"type":"tile","gaf":{"predicate":"Block.Fixed","args":[]}}],[{"type":"tile","gaf":{"predicate":"Meta.Then","args":[]}}]]},
  {"tile-rows":[[{"type":"tile","gaf":{"predicate":"Meta.Stop","args":[]}},{"type":"tile","gaf":{"predicate":"Block.Create","args":["Tree Spruce"]}},{"type":"tile","gaf":{"predicate":"Block.MoveTo","args":[{"x":-67.5,"y":6.5,"z":100.5}]}},{"type":"tile","gaf":{"predicate":"Block.RotateTo","args":[{"x":0,"y":270,"z":0}]}},{"type":"tile","gaf":{"predicate":"Block.PaintTo","args":["Green"]}},{"type":"tile","gaf":{"predicate":"Block.TextureTo","args":["Noise",{"x":0,"y":0,"z":1}]}},{"type":"tile","gaf":{"predicate":"Block.ScaleTo","args":[{"x":6,"y":10,"z":6}]}},{"type":"tile","gaf":{"predicate":"Block.PaintTo","args":["Brown",1]}},{"type":"tile","gaf":{"predicate":"Block.TextureTo","args":["Noise",{"x":0,"y":1,"z":0},1]}}],[{"type":"tile","gaf":{"predicate":"Meta.Then","args":[]}},{"type":"tile","gaf":{"predicate":"Block.Fixed","args":[]}}],[{"type":"tile","gaf":{"predicate":"Meta.Then","args":[]}}]]},
  {"tile-rows":[[{"type":"tile","gaf":{"predicate":"Meta.Stop","args":[]}},{"type":"tile","gaf":{"predicate":"Block.Create","args":["Forrest"]}},{"type":"tile","gaf":{"predicate":"Block.MoveTo","args":[{"x":-158.5,"y":13.5,"z":72}]}},{"type":"tile","gaf":{"predicate":"Block.RotateTo","args":[{"x":0,"y":0,"z":0}]}},{"type":"tile","gaf":{"predicate":"Block.PaintTo","args":["Green"]}},{"type":"tile","gaf":{"predicate":"Block.TextureTo","args":["Noise Terrain",{"x":0,"y":0,"z":1}]}},{"type":"tile","gaf":{"predicate":"Block.ScaleTo","args":[{"x":76,"y":28,"z":71}]}},{"type":"tile","gaf":{"predicate":"Block.PaintTo","args":["Green",1]}},{"type":"tile","gaf":{"predicate":"Block.TextureTo","args":["Noise Terrain",{"x":0,"y":1,"z":0},1]}},{"type":"tile","gaf":{"predicate":"Block.PaintTo","args":["Brown",2]}},{"type":"tile","gaf":{"predicate":"Block.TextureTo","args":["Noise Terrain",{"x":0,"y":1,"z":0},2]}}],[{"type":"tile","gaf":{"predicate":"Meta.Then","args":[]}},{"type":"tile","gaf":{"predicate":"Block.Fixed","args":[]}}],[{"type":"tile","gaf":{"predicate":"Meta.Then","args":[]}}]]},
  {"tile-rows":[[{"type":"tile","gaf":{"predicate":"Meta.Stop","args":[]}},{"type":"tile","gaf":{"predicate":"Block.Create","args":["Forrest"]}},{"type":"tile","gaf":{"predicate":"Block.MoveTo","args":[{"x":-213.5,"y":12,"z":62}]}},{"type":"tile","gaf":{"predicate":"Block.RotateTo","args":[{"x":0,"y":0,"z":0}]}},{"type":"tile","gaf":{"predicate":"Block.PaintTo","args":["Green"]}},{"type":"tile","gaf":{"predicate":"Block.TextureTo","args":["Noise Terrain",{"x":0,"y":0,"z":1}]}},{"type":"tile","gaf":{"predicate":"Block.ScaleTo","args":[{"x":76,"y":25,"z":71}]}},{"type":"tile","gaf":{"predicate":"Block.PaintTo","args":["Green",1]}},{"type":"tile","gaf":{"predicate":"Block.TextureTo","args":["Noise Terrain",{"x":0,"y":1,"z":0},1]}},{"type":"tile","gaf":{"predicate":"Block.PaintTo","args":["Brown",2]}},{"type":"tile","gaf":{"predicate":"Block.TextureTo","args":["Noise Terrain",{"x":0,"y":1,"z":0},2]}}],[{"type":"tile","gaf":{"predicate":"Meta.Then","args":[]}},{"type":"tile","gaf":{"predicate":"Block.Fixed","args":[]}}],[{"type":"tile","gaf":{"predicate":"Meta.Then","args":[]}}]]},
  {"tile-rows":[[{"type":"tile","gaf":{"predicate":"Meta.Stop","args":[]}},{"type":"tile","gaf":{"predicate":"Block.Create","args":["Forrest"]}},{"type":"tile","gaf":{"predicate":"Block.MoveTo","args":[{"x":-272.5,"y":12,"z":76}]}},{"type":"tile","gaf":{"predicate":"Block.RotateTo","args":[{"x":0,"y":0,"z":0}]}},{"type":"tile","gaf":{"predicate":"Block.PaintTo","args":["Green"]}},{"type":"tile","gaf":{"predicate":"Block.TextureTo","args":["Noise Terrain",{"x":0,"y":0,"z":1}]}},{"type":"tile","gaf":{"predicate":"Block.ScaleTo","args":[{"x":76,"y":25,"z":71}]}},{"type":"tile","gaf":{"predicate":"Block.PaintTo","args":["Green",1]}},{"type":"tile","gaf":{"predicate":"Block.TextureTo","args":["Noise Terrain",{"x":0,"y":1,"z":0},1]}},{"type":"tile","gaf":{"predicate":"Block.PaintTo","args":["Brown",2]}},{"type":"tile","gaf":{"predicate":"Block.TextureTo","args":["Noise Terrain",{"x":0,"y":1,"z":0},2]}}],[{"type":"tile","gaf":{"predicate":"Meta.Then","args":[]}},{"type":"tile","gaf":{"predicate":"Block.Fixed","args":[]}}],[{"type":"tile","gaf":{"predicate":"Meta.Then","args":[]}}]]},
  {"tile-rows":[[{"type":"tile","gaf":{"predicate":"Meta.Stop","args":[]}},{"type":"tile","gaf":{"predicate":"Block.Create","args":["Forrest"]}},{"type":"tile","gaf":{"predicate":"Block.MoveTo","args":[{"x":-255.5,"y":13,"z":97}]}},{"type":"tile","gaf":{"predicate":"Block.RotateTo","args":[{"x":0,"y":0,"z":0}]}},{"type":"tile","gaf":{"predicate":"Block.PaintTo","args":["Green"]}},{"type":"tile","gaf":{"predicate":"Block.TextureTo","args":["Noise Terrain",{"x":0,"y":0,"z":1}]}},{"type":"tile","gaf":{"predicate":"Block.ScaleTo","args":[{"x":76,"y":27,"z":71}]}},{"type":"tile","gaf":{"predicate":"Block.PaintTo","args":["Green",1]}},{"type":"tile","gaf":{"predicate":"Block.TextureTo","args":["Noise Terrain",{"x":0,"y":1,"z":0},1]}},{"type":"tile","gaf":{"predicate":"Block.PaintTo","args":["Brown",2]}},{"type":"tile","gaf":{"predicate":"Block.TextureTo","args":["Noise Terrain",{"x":0,"y":1,"z":0},2]}}],[{"type":"tile","gaf":{"predicate":"Meta.Then","args":[]}},{"type":"tile","gaf":{"predicate":"Block.Fixed","args":[]}}],[{"type":"tile","gaf":{"predicate":"Meta.Then","args":[]}}]]},
  {"tile-rows":[[{"type":"tile","gaf":{"predicate":"Meta.Stop","args":[]}},{"type":"tile","gaf":{"predicate":"Block.Create","args":["Forrest"]}},{"type":"tile","gaf":{"predicate":"Block.MoveTo","args":[{"x":-190.5,"y":14,"z":98}]}},{"type":"tile","gaf":{"predicate":"Block.RotateTo","args":[{"x":0,"y":0,"z":0}]}},{"type":"tile","gaf":{"predicate":"Block.PaintTo","args":["Green"]}},{"type":"tile","gaf":{"predicate":"Block.TextureTo","args":["Noise Terrain",{"x":0,"y":0,"z":1}]}},{"type":"tile","gaf":{"predicate":"Block.ScaleTo","args":[{"x":76,"y":29,"z":71}]}},{"type":"tile","gaf":{"predicate":"Block.PaintTo","args":["Green",1]}},{"type":"tile","gaf":{"predicate":"Block.TextureTo","args":["Noise Terrain",{"x":0,"y":1,"z":0},1]}},{"type":"tile","gaf":{"predicate":"Block.PaintTo","args":["Brown",2]}},{"type":"tile","gaf":{"predicate":"Block.TextureTo","args":["Noise Terrain",{"x":0,"y":1,"z":0},2]}}],[{"type":"tile","gaf":{"predicate":"Meta.Then","args":[]}},{"type":"tile","gaf":{"predicate":"Block.Fixed","args":[]}}],[{"type":"tile","gaf":{"predicate":"Meta.Then","args":[]}}]]},
  {"tile-rows":[[{"type":"tile","gaf":{"predicate":"Meta.Stop","args":[]}},{"type":"tile","gaf":{"predicate":"Block.Create","args":["Mountain 2"]}},{"type":"tile","gaf":{"predicate":"Block.MoveTo","args":[{"x":-156.5,"y":82.5,"z":-39.5}]}},{"type":"tile","gaf":{"predicate":"Block.RotateTo","args":[{"x":0,"y":90,"z":0}]}},{"type":"tile","gaf":{"predicate":"Block.PaintTo","args":["Grey"]}},{"type":"tile","gaf":{"predicate":"Block.TextureTo","args":["Rock",{"x":0,"y":1,"z":0}]}},{"type":"tile","gaf":{"predicate":"Block.ScaleTo","args":[{"x":218,"y":166,"z":252}]}},{"type":"tile","gaf":{"predicate":"Block.PaintTo","args":["Grey",1]}},{"type":"tile","gaf":{"predicate":"Block.TextureTo","args":["Rock",{"x":0,"y":1,"z":0},1]}},{"type":"tile","gaf":{"predicate":"Block.PaintTo","args":["White",2]}},{"type":"tile","gaf":{"predicate":"Block.TextureTo","args":["Rock",{"x":0,"y":1,"z":0},2]}}],[{"type":"tile","gaf":{"predicate":"Meta.Then","args":[]}}]]},
  {"tile-rows":[[{"type":"tile","gaf":{"predicate":"Meta.Stop","args":[]}},{"type":"tile","gaf":{"predicate":"Block.Create","args":["Forrest"]}},{"type":"tile","gaf":{"predicate":"Block.MoveTo","args":[{"x":-149,"y":8.5,"z":108.5}]}},{"type":"tile","gaf":{"predicate":"Block.RotateTo","args":[{"x":0,"y":270,"z":0}]}},{"type":"tile","gaf":{"predicate":"Block.PaintTo","args":["Green"]}},{"type":"tile","gaf":{"predicate":"Block.TextureTo","args":["Noise Terrain",{"x":0,"y":0,"z":1}]}},{"type":"tile","gaf":{"predicate":"Block.ScaleTo","args":[{"x":40,"y":18,"z":43}]}},{"type":"tile","gaf":{"predicate":"Block.PaintTo","args":["Green",1]}},{"type":"tile","gaf":{"predicate":"Block.TextureTo","args":["Noise Terrain",{"x":0,"y":1,"z":0},1]}},{"type":"tile","gaf":{"predicate":"Block.PaintTo","args":["Brown",2]}},{"type":"tile","gaf":{"predicate":"Block.TextureTo","args":["Noise Terrain",{"x":0,"y":1,"z":0},2]}}],[{"type":"tile","gaf":{"predicate":"Meta.Then","args":[]}},{"type":"tile","gaf":{"predicate":"Block.Fixed","args":[]}}],[{"type":"tile","gaf":{"predicate":"Meta.Then","args":[]}}]]},
  {"tile-rows":[[{"type":"tile","gaf":{"predicate":"Meta.Stop","args":[]}},{"type":"tile","gaf":{"predicate":"Block.Create","args":["Forrest"]}},{"type":"tile","gaf":{"predicate":"Block.MoveTo","args":[{"x":-92,"y":8.5,"z":94.5}]}},{"type":"tile","gaf":{"predicate":"Block.RotateTo","args":[{"x":0,"y":270,"z":0}]}},{"type":"tile","gaf":{"predicate":"Block.PaintTo","args":["Green"]}},{"type":"tile","gaf":{"predicate":"Block.TextureTo","args":["Noise Terrain",{"x":0,"y":0,"z":1}]}},{"type":"tile","gaf":{"predicate":"Block.ScaleTo","args":[{"x":40,"y":18,"z":43}]}},{"type":"tile","gaf":{"predicate":"Block.PaintTo","args":["Green",1]}},{"type":"tile","gaf":{"predicate":"Block.TextureTo","args":["Noise Terrain",{"x":0,"y":1,"z":0},1]}},{"type":"tile","gaf":{"predicate":"Block.PaintTo","args":["Brown",2]}},{"type":"tile","gaf":{"predicate":"Block.TextureTo","args":["Noise Terrain",{"x":0,"y":1,"z":0},2]}}],[{"type":"tile","gaf":{"predicate":"Meta.Then","args":[]}},{"type":"tile","gaf":{"predicate":"Block.Fixed","args":[]}}],[{"type":"tile","gaf":{"predicate":"Meta.Then","args":[]}}]]},
  {"tile-rows":[[{"type":"tile","gaf":{"predicate":"Meta.Stop","args":[]}},{"type":"tile","gaf":{"predicate":"Block.Create","args":["Forrest"]}},{"type":"tile","gaf":{"predicate":"Block.MoveTo","args":[{"x":-223,"y":8.5,"z":115.5}]}},{"type":"tile","gaf":{"predicate":"Block.RotateTo","args":[{"x":0,"y":270,"z":0}]}},{"type":"tile","gaf":{"predicate":"Block.PaintTo","args":["Green"]}},{"type":"tile","gaf":{"predicate":"Block.TextureTo","args":["Noise Terrain",{"x":0,"y":0,"z":1}]}},{"type":"tile","gaf":{"predicate":"Block.ScaleTo","args":[{"x":40,"y":18,"z":43}]}},{"type":"tile","gaf":{"predicate":"Block.PaintTo","args":["Green",1]}},{"type":"tile","gaf":{"predicate":"Block.TextureTo","args":["Noise Terrain",{"x":0,"y":1,"z":0},1]}},{"type":"tile","gaf":{"predicate":"Block.PaintTo","args":["Brown",2]}},{"type":"tile","gaf":{"predicate":"Block.TextureTo","args":["Noise Terrain",{"x":0,"y":1,"z":0},2]}}],[{"type":"tile","gaf":{"predicate":"Meta.Then","args":[]}},{"type":"tile","gaf":{"predicate":"Block.Fixed","args":[]}}],[{"type":"tile","gaf":{"predicate":"Meta.Then","args":[]}}]]},
  {"tile-rows":[[{"type":"tile","gaf":{"predicate":"Meta.Stop","args":[]}},{"type":"tile","gaf":{"predicate":"Block.Create","args":["Forrest"]}},{"type":"tile","gaf":{"predicate":"Block.MoveTo","args":[{"x":-170.5,"y":8.5,"z":127}]}},{"type":"tile","gaf":{"predicate":"Block.RotateTo","args":[{"x":0,"y":180,"z":0}]}},{"type":"tile","gaf":{"predicate":"Block.PaintTo","args":["Green"]}},{"type":"tile","gaf":{"predicate":"Block.TextureTo","args":["Noise Terrain",{"x":0,"y":0,"z":1}]}},{"type":"tile","gaf":{"predicate":"Block.ScaleTo","args":[{"x":40,"y":18,"z":43}]}},{"type":"tile","gaf":{"predicate":"Block.PaintTo","args":["Green",1]}},{"type":"tile","gaf":{"predicate":"Block.TextureTo","args":["Noise Terrain",{"x":0,"y":1,"z":0},1]}},{"type":"tile","gaf":{"predicate":"Block.PaintTo","args":["Brown",2]}},{"type":"tile","gaf":{"predicate":"Block.TextureTo","args":["Noise Terrain",{"x":0,"y":1,"z":0},2]}}],[{"type":"tile","gaf":{"predicate":"Meta.Then","args":[]}},{"type":"tile","gaf":{"predicate":"Block.Fixed","args":[]}}],[{"type":"tile","gaf":{"predicate":"Meta.Then","args":[]}}]]},
  {"tile-rows":[[{"type":"tile","gaf":{"predicate":"Meta.Stop","args":[]}},{"type":"tile","gaf":{"predicate":"Block.Create","args":["Forrest"]}},{"type":"tile","gaf":{"predicate":"Block.MoveTo","args":[{"x":-196.5,"y":5.5,"z":125.5}]}},{"type":"tile","gaf":{"predicate":"Block.RotateTo","args":[{"x":0,"y":270,"z":0}]}},{"type":"tile","gaf":{"predicate":"Block.PaintTo","args":["Green"]}},{"type":"tile","gaf":{"predicate":"Block.TextureTo","args":["Noise Terrain",{"x":0,"y":0,"z":1}]}},{"type":"tile","gaf":{"predicate":"Block.ScaleTo","args":[{"x":34,"y":12,"z":32}]}},{"type":"tile","gaf":{"predicate":"Block.PaintTo","args":["Green",1]}},{"type":"tile","gaf":{"predicate":"Block.TextureTo","args":["Noise Terrain",{"x":0,"y":1,"z":0},1]}},{"type":"tile","gaf":{"predicate":"Block.PaintTo","args":["Brown",2]}},{"type":"tile","gaf":{"predicate":"Block.TextureTo","args":["Noise Terrain",{"x":0,"y":1,"z":0},2]}}],[{"type":"tile","gaf":{"predicate":"Meta.Then","args":[]}},{"type":"tile","gaf":{"predicate":"Block.Fixed","args":[]}}],[{"type":"tile","gaf":{"predicate":"Meta.Then","args":[]}}]]},
  {"tile-rows":[[{"type":"tile","gaf":{"predicate":"Meta.Stop","args":[]}},{"type":"tile","gaf":{"predicate":"Block.Create","args":["Forrest"]}},{"type":"tile","gaf":{"predicate":"Block.MoveTo","args":[{"x":-266.5,"y":5.5,"z":119.5}]}},{"type":"tile","gaf":{"predicate":"Block.RotateTo","args":[{"x":0,"y":270,"z":0}]}},{"type":"tile","gaf":{"predicate":"Block.PaintTo","args":["Green"]}},{"type":"tile","gaf":{"predicate":"Block.TextureTo","args":["Noise Terrain",{"x":0,"y":0,"z":1}]}},{"type":"tile","gaf":{"predicate":"Block.ScaleTo","args":[{"x":34,"y":12,"z":32}]}},{"type":"tile","gaf":{"predicate":"Block.PaintTo","args":["Green",1]}},{"type":"tile","gaf":{"predicate":"Block.TextureTo","args":["Noise Terrain",{"x":0,"y":1,"z":0},1]}},{"type":"tile","gaf":{"predicate":"Block.PaintTo","args":["Brown",2]}},{"type":"tile","gaf":{"predicate":"Block.TextureTo","args":["Noise Terrain",{"x":0,"y":1,"z":0},2]}}],[{"type":"tile","gaf":{"predicate":"Meta.Then","args":[]}},{"type":"tile","gaf":{"predicate":"Block.Fixed","args":[]}}],[{"type":"tile","gaf":{"predicate":"Meta.Then","args":[]}}]]},
  {"tile-rows":[[{"type":"tile","gaf":{"predicate":"Meta.Stop","args":[]}},{"type":"tile","gaf":{"predicate":"Block.Create","args":["Forrest"]}},{"type":"tile","gaf":{"predicate":"Block.MoveTo","args":[{"x":-281.5,"y":5.5,"z":31.5}]}},{"type":"tile","gaf":{"predicate":"Block.RotateTo","args":[{"x":0,"y":270,"z":0}]}},{"type":"tile","gaf":{"predicate":"Block.PaintTo","args":["Green"]}},{"type":"tile","gaf":{"predicate":"Block.TextureTo","args":["Noise Terrain",{"x":0,"y":0,"z":1}]}},{"type":"tile","gaf":{"predicate":"Block.ScaleTo","args":[{"x":34,"y":12,"z":32}]}},{"type":"tile","gaf":{"predicate":"Block.PaintTo","args":["Green",1]}},{"type":"tile","gaf":{"predicate":"Block.TextureTo","args":["Noise Terrain",{"x":0,"y":1,"z":0},1]}},{"type":"tile","gaf":{"predicate":"Block.PaintTo","args":["Brown",2]}},{"type":"tile","gaf":{"predicate":"Block.TextureTo","args":["Noise Terrain",{"x":0,"y":1,"z":0},2]}}],[{"type":"tile","gaf":{"predicate":"Meta.Then","args":[]}},{"type":"tile","gaf":{"predicate":"Block.Fixed","args":[]}}],[{"type":"tile","gaf":{"predicate":"Meta.Then","args":[]}}]]},
  {"tile-rows":[[{"type":"tile","gaf":{"predicate":"Meta.Stop","args":[]}},{"type":"tile","gaf":{"predicate":"Block.Create","args":["Forrest"]}},{"type":"tile","gaf":{"predicate":"Block.MoveTo","args":[{"x":-275.5,"y":5.5,"z":8.5}]}},{"type":"tile","gaf":{"predicate":"Block.RotateTo","args":[{"x":0,"y":270,"z":0}]}},{"type":"tile","gaf":{"predicate":"Block.PaintTo","args":["Green"]}},{"type":"tile","gaf":{"predicate":"Block.TextureTo","args":["Noise Terrain",{"x":0,"y":0,"z":1}]}},{"type":"tile","gaf":{"predicate":"Block.ScaleTo","args":[{"x":34,"y":12,"z":32}]}},{"type":"tile","gaf":{"predicate":"Block.PaintTo","args":["Green",1]}},{"type":"tile","gaf":{"predicate":"Block.TextureTo","args":["Noise Terrain",{"x":0,"y":1,"z":0},1]}},{"type":"tile","gaf":{"predicate":"Block.PaintTo","args":["Brown",2]}},{"type":"tile","gaf":{"predicate":"Block.TextureTo","args":["Noise Terrain",{"x":0,"y":1,"z":0},2]}}],[{"type":"tile","gaf":{"predicate":"Meta.Then","args":[]}},{"type":"tile","gaf":{"predicate":"Block.Fixed","args":[]}}],[{"type":"tile","gaf":{"predicate":"Meta.Then","args":[]}}]]},
  {"tile-rows":[[{"type":"tile","gaf":{"predicate":"Meta.Stop","args":[]}},{"type":"tile","gaf":{"predicate":"Block.Create","args":["Forrest"]}},{"type":"tile","gaf":{"predicate":"Block.MoveTo","args":[{"x":-285.5,"y":5.5,"z":13.5}]}},{"type":"tile","gaf":{"predicate":"Block.RotateTo","args":[{"x":0,"y":270,"z":0}]}},{"type":"tile","gaf":{"predicate":"Block.PaintTo","args":["Green"]}},{"type":"tile","gaf":{"predicate":"Block.TextureTo","args":["Noise Terrain",{"x":0,"y":0,"z":1}]}},{"type":"tile","gaf":{"predicate":"Block.ScaleTo","args":[{"x":34,"y":12,"z":32}]}},{"type":"tile","gaf":{"predicate":"Block.PaintTo","args":["Green",1]}},{"type":"tile","gaf":{"predicate":"Block.TextureTo","args":["Noise Terrain",{"x":0,"y":1,"z":0},1]}},{"type":"tile","gaf":{"predicate":"Block.PaintTo","args":["Brown",2]}},{"type":"tile","gaf":{"predicate":"Block.TextureTo","args":["Noise Terrain",{"x":0,"y":1,"z":0},2]}}],[{"type":"tile","gaf":{"predicate":"Meta.Then","args":[]}},{"type":"tile","gaf":{"predicate":"Block.Fixed","args":[]}}],[{"type":"tile","gaf":{"predicate":"Meta.Then","args":[]}}]]},
  {"tile-rows":[[{"type":"tile","gaf":{"predicate":"Meta.Stop","args":[]}},{"type":"tile","gaf":{"predicate":"Block.Create","args":["Forrest"]}},{"type":"tile","gaf":{"predicate":"Block.MoveTo","args":[{"x":-278.5,"y":5.5,"z":-6.5}]}},{"type":"tile","gaf":{"predicate":"Block.RotateTo","args":[{"x":0,"y":270,"z":0}]}},{"type":"tile","gaf":{"predicate":"Block.PaintTo","args":["Green"]}},{"type":"tile","gaf":{"predicate":"Block.TextureTo","args":["Noise Terrain",{"x":0,"y":0,"z":1}]}},{"type":"tile","gaf":{"predicate":"Block.ScaleTo","args":[{"x":34,"y":12,"z":32}]}},{"type":"tile","gaf":{"predicate":"Block.PaintTo","args":["Green",1]}},{"type":"tile","gaf":{"predicate":"Block.TextureTo","args":["Noise Terrain",{"x":0,"y":1,"z":0},1]}},{"type":"tile","gaf":{"predicate":"Block.PaintTo","args":["Brown",2]}},{"type":"tile","gaf":{"predicate":"Block.TextureTo","args":["Noise Terrain",{"x":0,"y":1,"z":0},2]}}],[{"type":"tile","gaf":{"predicate":"Meta.Then","args":[]}},{"type":"tile","gaf":{"predicate":"Block.Fixed","args":[]}}],[{"type":"tile","gaf":{"predicate":"Meta.Then","args":[]}}]]},
  {"tile-rows":[[{"type":"tile","gaf":{"predicate":"Meta.Stop","args":[]}},{"type":"tile","gaf":{"predicate":"Block.Create","args":["Forrest"]}},{"type":"tile","gaf":{"predicate":"Block.MoveTo","args":[{"x":-285.5,"y":5.5,"z":-24.5}]}},{"type":"tile","gaf":{"predicate":"Block.RotateTo","args":[{"x":0,"y":270,"z":0}]}},{"type":"tile","gaf":{"predicate":"Block.PaintTo","args":["Green"]}},{"type":"tile","gaf":{"predicate":"Block.TextureTo","args":["Noise Terrain",{"x":0,"y":0,"z":1}]}},{"type":"tile","gaf":{"predicate":"Block.ScaleTo","args":[{"x":34,"y":12,"z":32}]}},{"type":"tile","gaf":{"predicate":"Block.PaintTo","args":["Green",1]}},{"type":"tile","gaf":{"predicate":"Block.TextureTo","args":["Noise Terrain",{"x":0,"y":1,"z":0},1]}},{"type":"tile","gaf":{"predicate":"Block.PaintTo","args":["Brown",2]}},{"type":"tile","gaf":{"predicate":"Block.TextureTo","args":["Noise Terrain",{"x":0,"y":1,"z":0},2]}}],[{"type":"tile","gaf":{"predicate":"Meta.Then","args":[]}},{"type":"tile","gaf":{"predicate":"Block.Fixed","args":[]}}],[{"type":"tile","gaf":{"predicate":"Meta.Then","args":[]}}]]},
  {"tile-rows":[[{"type":"tile","gaf":{"predicate":"Meta.Stop","args":[]}},{"type":"tile","gaf":{"predicate":"Block.Create","args":["Anim Character Avatar"]}},{"type":"tile","gaf":{"predicate":"Block.MoveTo","args":[{"x":-187,"y":0.5,"z":183}]}},{"type":"tile","gaf":{"predicate":"Block.RotateTo","args":[{"x":0,"y":0,"z":0}]}},{"type":"tile","gaf":{"predicate":"Block.PaintTo","args":["Dark Blue"]}},{"type":"tile","gaf":{"predicate":"Block.TextureTo","args":["Plain",{"x":0,"y":0,"z":1}]}},{"type":"tile","gaf":{"predicate":"Block.ScaleTo","args":[{"x":1,"y":1,"z":1}]}},{"type":"tile","gaf":{"predicate":"Block.TextureTo","args":["Plain",{"x":0,"y":1,"z":0},1]}},{"type":"tile","gaf":{"predicate":"Block.TextureTo","args":["Plain",{"x":0,"y":1,"z":0},2]}},{"type":"tile","gaf":{"predicate":"AnimCharacter.ReplaceBodyPart","args":["Limb Default Arm Left","LeftArm"]}},{"type":"tile","gaf":{"predicate":"AnimCharacter.ReplaceBodyPart","args":["Limb Default Leg Left","LeftLeg"]}},{"type":"tile","gaf":{"predicate":"AnimCharacter.ReplaceBodyPart","args":["Limb Default Arm Right","RightArm"]}},{"type":"tile","gaf":{"predicate":"AnimCharacter.ReplaceBodyPart","args":["Limb Default Leg Right","RightLeg"]}},{"type":"tile","gaf":{"predicate":"Block.TextureTo","args":["Plain",{"x":0,"y":1,"z":0},3]}},{"type":"tile","gaf":{"predicate":"Block.TextureTo","args":["Plain",{"x":0,"y":1,"z":0},4]}},{"type":"tile","gaf":{"predicate":"Block.TextureTo","args":["Plain",{"x":0,"y":1,"z":0},5]}},{"type":"tile","gaf":{"predicate":"Block.TextureTo","args":["Plain",{"x":0,"y":1,"z":0},6]}},{"type":"tile","gaf":{"predicate":"Block.PaintTo","args":["Dark Blue",1]}},{"type":"tile","gaf":{"predicate":"Block.PaintTo","args":["Dark Blue",2]}},{"type":"tile","gaf":{"predicate":"Block.PaintTo","args":["Dark Blue",3]}},{"type":"tile","gaf":{"predicate":"Block.PaintTo","args":["Dark Blue",4]}},{"type":"tile","gaf":{"predicate":"Block.PaintTo","args":["Dark Blue",5]}},{"type":"tile","gaf":{"predicate":"Block.PaintTo","args":["Dark Blue",6]}},{"type":"tile","gaf":{"predicate":"Block.PaintTo","args":["Dark Blue",7]}},{"type":"tile","gaf":{"predicate":"Block.PaintTo","args":["Dark Blue",8]}},{"type":"tile","gaf":{"predicate":"Block.PaintTo","args":["Dark Blue",9]}},{"type":"tile","gaf":{"predicate":"Block.PaintTo","args":["Dark Blue",10]}},{"type":"tile","gaf":{"predicate":"Block.PaintTo","args":["Dark Blue",11]}},{"type":"tile","gaf":{"predicate":"Block.PaintTo","args":["Dark Blue",12]}},{"type":"tile","gaf":{"predicate":"Block.PaintTo","args":["Dark Blue",13]}},{"type":"tile","gaf":{"predicate":"Block.PaintTo","args":["Dark Blue",14]}},{"type":"tile","gaf":{"predicate":"Block.PaintTo","args":["Dark Blue",15]}},{"type":"tile","gaf":{"predicate":"Block.PaintTo","args":["Dark Blue",16]}}],[{"type":"tile","gaf":{"predicate":"Block.ButtonInput","args":["R"]}},{"type":"tile","gaf":{"predicate":"Meta.Then","args":[]}},{"type":"tile","gaf":{"predicate":"AnimCharacter.Jump","args":[5.925]}}],[{"type":"tile","gaf":{"predicate":"Block.DPadMoved","args":["L"]}},{"type":"tile","gaf":{"predicate":"Meta.Then","args":[]}},{"type":"tile","gaf":{"predicate":"AnimCharacter.DPadControl","args":["L",15]}}],[{"type":"tile","gaf":{"predicate":"Meta.Then","args":[]}}]]},
  {"tile-rows":[[{"type":"tile","gaf":{"predicate":"Meta.Stop","args":[]}},{"type":"tile","gaf":{"predicate":"Block.Create","args":["Forrest"]}},{"type":"tile","gaf":{"predicate":"Block.MoveTo","args":[{"x":-286.5,"y":5.5,"z":-47.5}]}},{"type":"tile","gaf":{"predicate":"Block.RotateTo","args":[{"x":0,"y":0,"z":0}]}},{"type":"tile","gaf":{"predicate":"Block.PaintTo","args":["Green"]}},{"type":"tile","gaf":{"predicate":"Block.TextureTo","args":["Noise Terrain",{"x":0,"y":0,"z":1}]}},{"type":"tile","gaf":{"predicate":"Block.ScaleTo","args":[{"x":34,"y":12,"z":32}]}},{"type":"tile","gaf":{"predicate":"Block.PaintTo","args":["Green",1]}},{"type":"tile","gaf":{"predicate":"Block.TextureTo","args":["Noise Terrain",{"x":0,"y":1,"z":0},1]}},{"type":"tile","gaf":{"predicate":"Block.PaintTo","args":["Brown",2]}},{"type":"tile","gaf":{"predicate":"Block.TextureTo","args":["Noise Terrain",{"x":0,"y":1,"z":0},2]}}],[{"type":"tile","gaf":{"predicate":"Meta.Then","args":[]}},{"type":"tile","gaf":{"predicate":"Block.Fixed","args":[]}}],[{"type":"tile","gaf":{"predicate":"Meta.Then","args":[]}}]]},
  {"tile-rows":[[{"type":"tile","gaf":{"predicate":"Meta.Stop","args":[]}},{"type":"tile","gaf":{"predicate":"Block.Create","args":["Forrest"]}},{"type":"tile","gaf":{"predicate":"Block.MoveTo","args":[{"x":-283.5,"y":5.5,"z":-65.5}]}},{"type":"tile","gaf":{"predicate":"Block.RotateTo","args":[{"x":0,"y":270,"z":0}]}},{"type":"tile","gaf":{"predicate":"Block.PaintTo","args":["Green"]}},{"type":"tile","gaf":{"predicate":"Block.TextureTo","args":["Noise Terrain",{"x":0,"y":0,"z":1}]}},{"type":"tile","gaf":{"predicate":"Block.ScaleTo","args":[{"x":34,"y":12,"z":32}]}},{"type":"tile","gaf":{"predicate":"Block.PaintTo","args":["Green",1]}},{"type":"tile","gaf":{"predicate":"Block.TextureTo","args":["Noise Terrain",{"x":0,"y":1,"z":0},1]}},{"type":"tile","gaf":{"predicate":"Block.PaintTo","args":["Brown",2]}},{"type":"tile","gaf":{"predicate":"Block.TextureTo","args":["Noise Terrain",{"x":0,"y":1,"z":0},2]}}],[{"type":"tile","gaf":{"predicate":"Meta.Then","args":[]}},{"type":"tile","gaf":{"predicate":"Block.Fixed","args":[]}}],[{"type":"tile","gaf":{"predicate":"Meta.Then","args":[]}}]]},
  {"tile-rows":[[{"type":"tile","gaf":{"predicate":"Meta.Stop","args":[]}},{"type":"tile","gaf":{"predicate":"Block.Create","args":["Forrest"]}},{"type":"tile","gaf":{"predicate":"Block.MoveTo","args":[{"x":-290.5,"y":8.5,"z":-90}]}},{"type":"tile","gaf":{"predicate":"Block.RotateTo","args":[{"x":0,"y":270,"z":0}]}},{"type":"tile","gaf":{"predicate":"Block.PaintTo","args":["Green"]}},{"type":"tile","gaf":{"predicate":"Block.TextureTo","args":["Noise Terrain",{"x":0,"y":0,"z":1}]}},{"type":"tile","gaf":{"predicate":"Block.ScaleTo","args":[{"x":41,"y":18,"z":38}]}},{"type":"tile","gaf":{"predicate":"Block.PaintTo","args":["Green",1]}},{"type":"tile","gaf":{"predicate":"Block.TextureTo","args":["Noise Terrain",{"x":0,"y":1,"z":0},1]}},{"type":"tile","gaf":{"predicate":"Block.PaintTo","args":["Brown",2]}},{"type":"tile","gaf":{"predicate":"Block.TextureTo","args":["Noise Terrain",{"x":0,"y":1,"z":0},2]}}],[{"type":"tile","gaf":{"predicate":"Meta.Then","args":[]}},{"type":"tile","gaf":{"predicate":"Block.Fixed","args":[]}}],[{"type":"tile","gaf":{"predicate":"Meta.Then","args":[]}}]]},
  {"tile-rows":[[{"type":"tile","gaf":{"predicate":"Meta.Stop","args":[]}},{"type":"tile","gaf":{"predicate":"Block.Create","args":["Forrest"]}},{"type":"tile","gaf":{"predicate":"Block.MoveTo","args":[{"x":-281.5,"y":5.5,"z":-116.5}]}},{"type":"tile","gaf":{"predicate":"Block.RotateTo","args":[{"x":0,"y":0,"z":0}]}},{"type":"tile","gaf":{"predicate":"Block.PaintTo","args":["Green"]}},{"type":"tile","gaf":{"predicate":"Block.TextureTo","args":["Noise Terrain",{"x":0,"y":0,"z":1}]}},{"type":"tile","gaf":{"predicate":"Block.ScaleTo","args":[{"x":34,"y":12,"z":32}]}},{"type":"tile","gaf":{"predicate":"Block.PaintTo","args":["Green",1]}},{"type":"tile","gaf":{"predicate":"Block.TextureTo","args":["Noise Terrain",{"x":0,"y":1,"z":0},1]}},{"type":"tile","gaf":{"predicate":"Block.PaintTo","args":["Brown",2]}},{"type":"tile","gaf":{"predicate":"Block.TextureTo","args":["Noise Terrain",{"x":0,"y":1,"z":0},2]}}],[{"type":"tile","gaf":{"predicate":"Meta.Then","args":[]}},{"type":"tile","gaf":{"predicate":"Block.Fixed","args":[]}}],[{"type":"tile","gaf":{"predicate":"Meta.Then","args":[]}}]]},
  {"tile-rows":[[{"type":"tile","gaf":{"predicate":"Meta.Stop","args":[]}},{"type":"tile","gaf":{"predicate":"Block.Create","args":["Forrest"]}},{"type":"tile","gaf":{"predicate":"Block.MoveTo","args":[{"x":-69.5,"y":24.5,"z":-106.5}]}},{"type":"tile","gaf":{"predicate":"Block.RotateTo","args":[{"x":0,"y":0,"z":0}]}},{"type":"tile","gaf":{"predicate":"Block.PaintTo","args":["Green"]}},{"type":"tile","gaf":{"predicate":"Block.TextureTo","args":["Noise Terrain",{"x":0,"y":0,"z":1}]}},{"type":"tile","gaf":{"predicate":"Block.ScaleTo","args":[{"x":98,"y":50,"z":106}]}},{"type":"tile","gaf":{"predicate":"Block.PaintTo","args":["Green",1]}},{"type":"tile","gaf":{"predicate":"Block.TextureTo","args":["Noise Terrain",{"x":0,"y":1,"z":0},1]}},{"type":"tile","gaf":{"predicate":"Block.PaintTo","args":["Brown",2]}},{"type":"tile","gaf":{"predicate":"Block.TextureTo","args":["Noise Terrain",{"x":0,"y":1,"z":0},2]}}],[{"type":"tile","gaf":{"predicate":"Meta.Then","args":[]}},{"type":"tile","gaf":{"predicate":"Block.Fixed","args":[]}}],[{"type":"tile","gaf":{"predicate":"Meta.Then","args":[]}}]]},
  {"tile-rows":[[{"type":"tile","gaf":{"predicate":"Meta.Stop","args":[]}},{"type":"tile","gaf":{"predicate":"Block.Create","args":["Forrest"]}},{"type":"tile","gaf":{"predicate":"Block.MoveTo","args":[{"x":-36.5,"y":24.5,"z":-43.5}]}},{"type":"tile","gaf":{"predicate":"Block.RotateTo","args":[{"x":0,"y":90,"z":0}]}},{"type":"tile","gaf":{"predicate":"Block.PaintTo","args":["Green"]}},{"type":"tile","gaf":{"predicate":"Block.TextureTo","args":["Noise Terrain",{"x":0,"y":0,"z":1}]}},{"type":"tile","gaf":{"predicate":"Block.ScaleTo","args":[{"x":98,"y":50,"z":106}]}},{"type":"tile","gaf":{"predicate":"Block.PaintTo","args":["Green",1]}},{"type":"tile","gaf":{"predicate":"Block.TextureTo","args":["Noise Terrain",{"x":0,"y":1,"z":0},1]}},{"type":"tile","gaf":{"predicate":"Block.PaintTo","args":["Brown",2]}},{"type":"tile","gaf":{"predicate":"Block.TextureTo","args":["Noise Terrain",{"x":0,"y":1,"z":0},2]}}],[{"type":"tile","gaf":{"predicate":"Meta.Then","args":[]}},{"type":"tile","gaf":{"predicate":"Block.Fixed","args":[]}}],[{"type":"tile","gaf":{"predicate":"Meta.Then","args":[]}}]]},
  {"tile-rows":[[{"type":"tile","gaf":{"predicate":"Meta.Stop","args":[]}},{"type":"tile","gaf":{"predicate":"Block.Create","args":["Forrest"]}},{"type":"tile","gaf":{"predicate":"Block.MoveTo","args":[{"x":-38.5,"y":24.5,"z":3.5}]}},{"type":"tile","gaf":{"predicate":"Block.RotateTo","args":[{"x":0,"y":0,"z":0}]}},{"type":"tile","gaf":{"predicate":"Block.PaintTo","args":["Green"]}},{"type":"tile","gaf":{"predicate":"Block.TextureTo","args":["Noise Terrain",{"x":0,"y":0,"z":1}]}},{"type":"tile","gaf":{"predicate":"Block.ScaleTo","args":[{"x":98,"y":50,"z":106}]}},{"type":"tile","gaf":{"predicate":"Block.PaintTo","args":["Green",1]}},{"type":"tile","gaf":{"predicate":"Block.TextureTo","args":["Noise Terrain",{"x":0,"y":1,"z":0},1]}},{"type":"tile","gaf":{"predicate":"Block.PaintTo","args":["Brown",2]}},{"type":"tile","gaf":{"predicate":"Block.TextureTo","args":["Noise Terrain",{"x":0,"y":1,"z":0},2]}}],[{"type":"tile","gaf":{"predicate":"Meta.Then","args":[]}},{"type":"tile","gaf":{"predicate":"Block.Fixed","args":[]}}],[{"type":"tile","gaf":{"predicate":"Meta.Then","args":[]}}]]}
 ],
 "connections":[
  [],
  [],
  [],
  [],
  [],
  [],
  [],
  [],
  [],
  [],
  [],
  [],
  [],
  [],
  [],
  [],
  [],
  [],
  [],
  [],
  [],
  [],
  [],
  [],
  [],
  [],
  [],
  [],
  [],
  [],
  [],
  [],
  [],
  [],
  [],
  [],
  [],
  [],
  [],
  [],
  [],
  [],
  [],
  [],
  [],
  [],
  [],
  [],
  [],
  [],
  [],
  [],
  [],
  [],
  [],
  [],
  [],
  [],
  [],
  [],
  [],
  [],
  [],
  [],
  [],
  []
 ],
 "connectionTypes":[
  [],
  [],
  [],
  [],
  [],
  [],
  [],
  [],
  [],
  [],
  [],
  [],
  [],
  [],
  [],
  [],
  [],
  [],
  [],
  [],
  [],
  [],
  [],
  [],
  [],
  [],
  [],
  [],
  [],
  [],
  [],
  [],
  [],
  [],
  [],
  [],
  [],
  [],
  [],
  [],
  [],
  [],
  [],
  [],
  [],
  [],
  [],
  [],
  [],
  [],
  [],
  [],
  [],
  [],
  [],
  [],
  [],
  [],
  [],
  [],
  [],
  [],
  [],
  [],
  [],
  []
 ],
 "frozen-in-terrain":[1,1,0,0,0,0,0,0,0,0,0,0,0,0,0,0,0,0,0,0,0,0,0,0,0,0,0,0,0,1,1,1,1,0,0,0,0,0,0,1,1,0,0,0,0,0,0,0,0,0,0,0,0,0,0,0,0,0,0,0,0,0,0,0,0,0],
 "camera":{
  "rotation":{"x":0.03437,"y":0.96555,"z":-0.18837,"w":0.17617},
  "position":{"x":-309.56631,"y":146.26145,"z":413.01904},
  "playDistance":352.72268,
  "playAngle":79.013
 },
 "camera-poses":[
  {"name":"Camera Reset Pose","position":{"x":-34.9957,"y":1.71939,"z":-90.56665},"direction":{"x":0.53139,"y":-0.3377,"z":0.77688}}
 ]
}