{
 "blocks":[
  {"tile-rows":[[{"type":"tile","gaf":{"predicate":"Meta.Stop","args":[]}},{"type":"tile","gaf":{"predicate":"Block.Create","args":["Sky City"]}},{"type":"tile","gaf":{"predicate":"Block.MoveTo","args":[{"x":0,"y":0,"z":0}]}},{"type":"tile","gaf":{"predicate":"Block.RotateTo","args":[{"x":0,"y":0,"z":0}]}},{"type":"tile","gaf":{"predicate":"Block.PaintTo","args":["White"]}},{"type":"tile","gaf":{"predicate":"Block.TextureTo","args":["Cloudy Sky",{"x":1,"y":0,"z":-1}]}},{"type":"tile","gaf":{"predicate":"Block.ScaleTo","args":[{"x":3,"y":3,"z":3}]}},{"type":"tile","gaf":{"predicate":"Block.SetFog","args":["150","300","Light Blue"]}},{"type":"tile","gaf":{"predicate":"Block.SetBackgroundMusic","args":["MusicBackground"]}},{"type":"tile","gaf":{"predicate":"Sky.EnvEffect","args":["Clear"]}},{"type":"tile","gaf":{"predicate":"Sky.SkyBoxTo","args":[7]}}],[{"type":"tile","gaf":{"predicate":"Meta.Then","args":[]}},{"type":"tile","gaf":{"predicate":"Sky.SetGravity","args":[{"x":0,"y":-20,"z":0}]}},{"type":"tile","gaf":{"predicate":"Block.Fixed","args":[]}}],[{"type":"tile","gaf":{"predicate":"Meta.Then","args":[]}}]]},
  {"tile-rows":[[{"type":"tile","gaf":{"predicate":"Meta.Stop","args":[]}},{"type":"tile","gaf":{"predicate":"Block.Create","args":["Terrain City 9x9"]}},{"type":"tile","gaf":{"predicate":"Block.MoveTo","args":[{"x":0,"y":0,"z":0}]}},{"type":"tile","gaf":{"predicate":"Block.RotateTo","args":[{"x":0,"y":0,"z":0}]}},{"type":"tile","gaf":{"predicate":"Block.PaintTo","args":["Dark Green"]}},{"type":"tile","gaf":{"predicate":"Block.TextureTo","args":["Rock",{"x":0,"y":1,"z":0}]}},{"type":"tile","gaf":{"predicate":"Block.ScaleTo","args":[{"x":1,"y":1,"z":1}]}}],[{"type":"tile","gaf":{"predicate":"Meta.Then","args":[]}}]]},
  {"tile-rows":[[{"type":"tile","gaf":{"predicate":"Meta.Stop","args":[]}},{"type":"tile","gaf":{"predicate":"Block.Create","args":["Terrain City Sand 9x9"]}},{"type":"tile","gaf":{"predicate":"Block.MoveTo","args":[{"x":0,"y":0,"z":0}]}},{"type":"tile","gaf":{"predicate":"Block.RotateTo","args":[{"x":0,"y":0,"z":0}]}},{"type":"tile","gaf":{"predicate":"Block.PaintTo","args":["Beige"]}},{"type":"tile","gaf":{"predicate":"Block.TextureTo","args":["Sand",{"x":0,"y":0,"z":0}]}},{"type":"tile","gaf":{"predicate":"Block.ScaleTo","args":[{"x":1,"y":1,"z":1}]}}],[{"type":"tile","gaf":{"predicate":"Meta.Then","args":[]}}]]},
  {"tile-rows":[[{"type":"tile","gaf":{"predicate":"Meta.Stop","args":[]}},{"type":"tile","gaf":{"predicate":"Block.Create","args":["Terrain City Rock 9x9"]}},{"type":"tile","gaf":{"predicate":"Block.MoveTo","args":[{"x":0,"y":0,"z":0}]}},{"type":"tile","gaf":{"predicate":"Block.RotateTo","args":[{"x":0,"y":0,"z":0}]}},{"type":"tile","gaf":{"predicate":"Block.PaintTo","args":["Grey"]}},{"type":"tile","gaf":{"predicate":"Block.TextureTo","args":["Rock",{"x":0,"y":0,"z":0}]}},{"type":"tile","gaf":{"predicate":"Block.ScaleTo","args":[{"x":1,"y":1,"z":1}]}}],[{"type":"tile","gaf":{"predicate":"Meta.Then","args":[]}}]]},
  {"tile-rows":[[{"type":"tile","gaf":{"predicate":"Meta.Stop","args":[]}},{"type":"tile","gaf":{"predicate":"Block.Create","args":["Water"]}},{"type":"tile","gaf":{"predicate":"Block.MoveTo","args":[{"x":0,"y":-515.5,"z":0}]}},{"type":"tile","gaf":{"predicate":"Block.RotateTo","args":[{"x":0,"y":0,"z":0}]}},{"type":"tile","gaf":{"predicate":"Block.PaintTo","args":["Blue"]}},{"type":"tile","gaf":{"predicate":"Block.TextureTo","args":["Water",{"x":0,"y":1,"z":0}]}},{"type":"tile","gaf":{"predicate":"Block.ScaleTo","args":[{"x":2500,"y":1024,"z":2500}]}},{"type":"tile","gaf":{"predicate":"Block.PaintTo","args":["Yellow",1]}},{"type":"tile","gaf":{"predicate":"Block.TextureTo","args":["Plain",{"x":0,"y":1,"z":0},1]}}],[{"type":"tile","gaf":{"predicate":"Meta.Then","args":[]}},{"type":"tile","gaf":{"predicate":"Block.Fixed","args":[]}}],[{"type":"tile","gaf":{"predicate":"Meta.Then","args":[]}}]]},
  {"tile-rows":[[{"type":"tile","gaf":{"predicate":"Meta.Stop","args":[]}},{"type":"tile","gaf":{"predicate":"Block.Create","args":["Terrain Tile"]}},{"type":"tile","gaf":{"predicate":"Block.MoveTo","args":[{"x":175.5,"y":1,"z":-175.5}]}},{"type":"tile","gaf":{"predicate":"Block.RotateTo","args":[{"x":0,"y":0,"z":0}]}},{"type":"tile","gaf":{"predicate":"Block.PaintTo","args":["Dark Green"]}},{"type":"tile","gaf":{"predicate":"Block.TextureTo","args":["Road Curve",{"x":0,"y":1,"z":0}]}},{"type":"tile","gaf":{"predicate":"Block.ScaleTo","args":[{"x":44,"y":1,"z":44}]}}],[{"type":"tile","gaf":{"predicate":"Meta.Then","args":[]}}]]},
  {"tile-rows":[[{"type":"tile","gaf":{"predicate":"Meta.Stop","args":[]}},{"type":"tile","gaf":{"predicate":"Block.Create","args":["Terrain Tile"]}},{"type":"tile","gaf":{"predicate":"Block.MoveTo","args":[{"x":131.5,"y":1,"z":-175.5}]}},{"type":"tile","gaf":{"predicate":"Block.RotateTo","args":[{"x":0,"y":90,"z":0}]}},{"type":"tile","gaf":{"predicate":"Block.PaintTo","args":["Dark Green"]}},{"type":"tile","gaf":{"predicate":"Block.TextureTo","args":["Road Straight",{"x":0,"y":1,"z":0}]}},{"type":"tile","gaf":{"predicate":"Block.ScaleTo","args":[{"x":44,"y":1,"z":44}]}}],[{"type":"tile","gaf":{"predicate":"Meta.Then","args":[]}}]]},
  {"tile-rows":[[{"type":"tile","gaf":{"predicate":"Meta.Stop","args":[]}},{"type":"tile","gaf":{"predicate":"Block.Create","args":["Terrain Tile"]}},{"type":"tile","gaf":{"predicate":"Block.MoveTo","args":[{"x":-0.5,"y":1,"z":-175.5}]}},{"type":"tile","gaf":{"predicate":"Block.RotateTo","args":[{"x":0,"y":180,"z":0}]}},{"type":"tile","gaf":{"predicate":"Block.PaintTo","args":["Grey"]}},{"type":"tile","gaf":{"predicate":"Block.TextureTo","args":["Road T Junction",{"x":0,"y":1,"z":0}]}},{"type":"tile","gaf":{"predicate":"Block.ScaleTo","args":[{"x":44,"y":1,"z":44}]}}],[{"type":"tile","gaf":{"predicate":"Meta.Then","args":[]}}]]},
  {"tile-rows":[[{"type":"tile","gaf":{"predicate":"Meta.Stop","args":[]}},{"type":"tile","gaf":{"predicate":"Block.Create","args":["Terrain Tile"]}},{"type":"tile","gaf":{"predicate":"Block.MoveTo","args":[{"x":-132.5,"y":1,"z":-175.5}]}},{"type":"tile","gaf":{"predicate":"Block.RotateTo","args":[{"x":0,"y":90,"z":0}]}},{"type":"tile","gaf":{"predicate":"Block.PaintTo","args":["Grey"]}},{"type":"tile","gaf":{"predicate":"Block.TextureTo","args":["Road Straight",{"x":0,"y":1,"z":0}]}},{"type":"tile","gaf":{"predicate":"Block.ScaleTo","args":[{"x":44,"y":1,"z":44}]}}],[{"type":"tile","gaf":{"predicate":"Meta.Then","args":[]}}]]},
  {"tile-rows":[[{"type":"tile","gaf":{"predicate":"Meta.Stop","args":[]}},{"type":"tile","gaf":{"predicate":"Block.Create","args":["Terrain Tile"]}},{"type":"tile","gaf":{"predicate":"Block.MoveTo","args":[{"x":-176.5,"y":1,"z":-175.5}]}},{"type":"tile","gaf":{"predicate":"Block.RotateTo","args":[{"x":0,"y":90,"z":0}]}},{"type":"tile","gaf":{"predicate":"Block.PaintTo","args":["Grey"]}},{"type":"tile","gaf":{"predicate":"Block.TextureTo","args":["Road Curve",{"x":0,"y":1,"z":0}]}},{"type":"tile","gaf":{"predicate":"Block.ScaleTo","args":[{"x":44,"y":1,"z":44}]}}],[{"type":"tile","gaf":{"predicate":"Meta.Then","args":[]}}]]},
  {"tile-rows":[[{"type":"tile","gaf":{"predicate":"Meta.Stop","args":[]}},{"type":"tile","gaf":{"predicate":"Block.Create","args":["Terrain Tile"]}},{"type":"tile","gaf":{"predicate":"Block.MoveTo","args":[{"x":175.5,"y":1,"z":-131.5}]}},{"type":"tile","gaf":{"predicate":"Block.RotateTo","args":[{"x":0,"y":270,"z":0}]}},{"type":"tile","gaf":{"predicate":"Block.PaintTo","args":["Dark Green"]}},{"type":"tile","gaf":{"predicate":"Block.TextureTo","args":["Road Curve",{"x":0,"y":1,"z":0}]}},{"type":"tile","gaf":{"predicate":"Block.ScaleTo","args":[{"x":44,"y":1,"z":44}]}}],[{"type":"tile","gaf":{"predicate":"Meta.Then","args":[]}}]]},
  {"tile-rows":[[{"type":"tile","gaf":{"predicate":"Meta.Stop","args":[]}},{"type":"tile","gaf":{"predicate":"Block.Create","args":["Terrain Tile"]}},{"type":"tile","gaf":{"predicate":"Block.MoveTo","args":[{"x":175.5,"y":1,"z":0.5}]}},{"type":"tile","gaf":{"predicate":"Block.RotateTo","args":[{"x":0,"y":0,"z":0}]}},{"type":"tile","gaf":{"predicate":"Block.PaintTo","args":["Dark Green"]}},{"type":"tile","gaf":{"predicate":"Block.TextureTo","args":["Road Curve",{"x":0,"y":1,"z":0}]}},{"type":"tile","gaf":{"predicate":"Block.ScaleTo","args":[{"x":44,"y":1,"z":44}]}}],[{"type":"tile","gaf":{"predicate":"Meta.Then","args":[]}}]]},
  {"tile-rows":[[{"type":"tile","gaf":{"predicate":"Meta.Stop","args":[]}},{"type":"tile","gaf":{"predicate":"Block.Create","args":["Terrain Tile"]}},{"type":"tile","gaf":{"predicate":"Block.MoveTo","args":[{"x":175.5,"y":1,"z":132.5}]}},{"type":"tile","gaf":{"predicate":"Block.RotateTo","args":[{"x":0,"y":0,"z":0}]}},{"type":"tile","gaf":{"predicate":"Block.PaintTo","args":["Dark Green"]}},{"type":"tile","gaf":{"predicate":"Block.TextureTo","args":["Road Straight",{"x":0,"y":1,"z":0}]}},{"type":"tile","gaf":{"predicate":"Block.ScaleTo","args":[{"x":44,"y":1,"z":44}]}}],[{"type":"tile","gaf":{"predicate":"Meta.Then","args":[]}}]]},
  {"tile-rows":[[{"type":"tile","gaf":{"predicate":"Meta.Stop","args":[]}},{"type":"tile","gaf":{"predicate":"Block.Create","args":["Terrain Tile"]}},{"type":"tile","gaf":{"predicate":"Block.MoveTo","args":[{"x":175.5,"y":1,"z":176.5}]}},{"type":"tile","gaf":{"predicate":"Block.RotateTo","args":[{"x":0,"y":270,"z":0}]}},{"type":"tile","gaf":{"predicate":"Block.PaintTo","args":["Dark Green"]}},{"type":"tile","gaf":{"predicate":"Block.TextureTo","args":["Road Curve",{"x":0,"y":1,"z":0}]}},{"type":"tile","gaf":{"predicate":"Block.ScaleTo","args":[{"x":44,"y":1,"z":44}]}}],[{"type":"tile","gaf":{"predicate":"Meta.Then","args":[]}}]]},
  {"tile-rows":[[{"type":"tile","gaf":{"predicate":"Meta.Stop","args":[]}},{"type":"tile","gaf":{"predicate":"Block.Create","args":["Terrain Tile"]}},{"type":"tile","gaf":{"predicate":"Block.MoveTo","args":[{"x":131.5,"y":1,"z":176.5}]}},{"type":"tile","gaf":{"predicate":"Block.RotateTo","args":[{"x":0,"y":90,"z":0}]}},{"type":"tile","gaf":{"predicate":"Block.PaintTo","args":["Dark Green"]}},{"type":"tile","gaf":{"predicate":"Block.TextureTo","args":["Road Straight",{"x":0,"y":1,"z":0}]}},{"type":"tile","gaf":{"predicate":"Block.ScaleTo","args":[{"x":44,"y":1,"z":44}]}}],[{"type":"tile","gaf":{"predicate":"Meta.Then","args":[]}}]]},
  {"tile-rows":[[{"type":"tile","gaf":{"predicate":"Meta.Stop","args":[]}},{"type":"tile","gaf":{"predicate":"Block.Create","args":["Terrain Tile"]}},{"type":"tile","gaf":{"predicate":"Block.MoveTo","args":[{"x":-0.5,"y":1,"z":176.5}]}},{"type":"tile","gaf":{"predicate":"Block.RotateTo","args":[{"x":0,"y":180,"z":0}]}},{"type":"tile","gaf":{"predicate":"Block.PaintTo","args":["Grey"]}},{"type":"tile","gaf":{"predicate":"Block.TextureTo","args":["Road Curve",{"x":0,"y":1,"z":0}]}},{"type":"tile","gaf":{"predicate":"Block.ScaleTo","args":[{"x":44,"y":1,"z":44}]}}],[{"type":"tile","gaf":{"predicate":"Meta.Then","args":[]}}]]},
  {"tile-rows":[[{"type":"tile","gaf":{"predicate":"Meta.Stop","args":[]}},{"type":"tile","gaf":{"predicate":"Block.Create","args":["Terrain Tile"]}},{"type":"tile","gaf":{"predicate":"Block.MoveTo","args":[{"x":-132.5,"y":1,"z":176.5}]}},{"type":"tile","gaf":{"predicate":"Block.RotateTo","args":[{"x":0,"y":0,"z":0}]}},{"type":"tile","gaf":{"predicate":"Block.PaintTo","args":["Grey"]}},{"type":"tile","gaf":{"predicate":"Block.TextureTo","args":["Road Lot Edge",{"x":0,"y":1,"z":0}]}},{"type":"tile","gaf":{"predicate":"Block.ScaleTo","args":[{"x":44,"y":1,"z":44}]}}],[{"type":"tile","gaf":{"predicate":"Meta.Then","args":[]}}]]},
  {"tile-rows":[[{"type":"tile","gaf":{"predicate":"Meta.Stop","args":[]}},{"type":"tile","gaf":{"predicate":"Block.Create","args":["Terrain Tile"]}},{"type":"tile","gaf":{"predicate":"Block.MoveTo","args":[{"x":-176.5,"y":1,"z":176.5}]}},{"type":"tile","gaf":{"predicate":"Block.RotateTo","args":[{"x":0,"y":270,"z":0}]}},{"type":"tile","gaf":{"predicate":"Block.PaintTo","args":["Grey"]}},{"type":"tile","gaf":{"predicate":"Block.TextureTo","args":["Road Lot Corner",{"x":0,"y":1,"z":0}]}},{"type":"tile","gaf":{"predicate":"Block.ScaleTo","args":[{"x":44,"y":1,"z":44}]}}],[{"type":"tile","gaf":{"predicate":"Meta.Then","args":[]}}]]},
  {"tile-rows":[[{"type":"tile","gaf":{"predicate":"Meta.Stop","args":[]}},{"type":"tile","gaf":{"predicate":"Block.Create","args":["Terrain Tile"]}},{"type":"tile","gaf":{"predicate":"Block.MoveTo","args":[{"x":-176.5,"y":1,"z":132.5}]}},{"type":"tile","gaf":{"predicate":"Block.RotateTo","args":[{"x":0,"y":180,"z":0}]}},{"type":"tile","gaf":{"predicate":"Block.PaintTo","args":["Grey"]}},{"type":"tile","gaf":{"predicate":"Block.TextureTo","args":["Road Lot Corner",{"x":0,"y":1,"z":0}]}},{"type":"tile","gaf":{"predicate":"Block.ScaleTo","args":[{"x":44,"y":1,"z":44}]}}],[{"type":"tile","gaf":{"predicate":"Meta.Then","args":[]}}]]},
  {"tile-rows":[[{"type":"tile","gaf":{"predicate":"Meta.Stop","args":[]}},{"type":"tile","gaf":{"predicate":"Block.Create","args":["Terrain Tile"]}},{"type":"tile","gaf":{"predicate":"Block.MoveTo","args":[{"x":-176.5,"y":1,"z":0.5}]}},{"type":"tile","gaf":{"predicate":"Block.RotateTo","args":[{"x":0,"y":270,"z":0}]}},{"type":"tile","gaf":{"predicate":"Block.PaintTo","args":["Grey"]}},{"type":"tile","gaf":{"predicate":"Block.TextureTo","args":["Road T Junction",{"x":0,"y":1,"z":0}]}},{"type":"tile","gaf":{"predicate":"Block.ScaleTo","args":[{"x":44,"y":1,"z":44}]}}],[{"type":"tile","gaf":{"predicate":"Meta.Then","args":[]}}]]},
  {"tile-rows":[[{"type":"tile","gaf":{"predicate":"Meta.Stop","args":[]}},{"type":"tile","gaf":{"predicate":"Block.Create","args":["Terrain Tile"]}},{"type":"tile","gaf":{"predicate":"Block.MoveTo","args":[{"x":-176.5,"y":1,"z":-131.5}]}},{"type":"tile","gaf":{"predicate":"Block.RotateTo","args":[{"x":0,"y":0,"z":0}]}},{"type":"tile","gaf":{"predicate":"Block.PaintTo","args":["Grey"]}},{"type":"tile","gaf":{"predicate":"Block.TextureTo","args":["Road Crosswalk",{"x":0,"y":1,"z":0}]}},{"type":"tile","gaf":{"predicate":"Block.ScaleTo","args":[{"x":44,"y":1,"z":44}]}}],[{"type":"tile","gaf":{"predicate":"Meta.Then","args":[]}}]]},
  {"tile-rows":[[{"type":"tile","gaf":{"predicate":"Meta.Stop","args":[]}},{"type":"tile","gaf":{"predicate":"Block.Create","args":["Terrain Tile"]}},{"type":"tile","gaf":{"predicate":"Block.MoveTo","args":[{"x":131.5,"y":1,"z":-131.5}]}},{"type":"tile","gaf":{"predicate":"Block.RotateTo","args":[{"x":0,"y":270,"z":0}]}},{"type":"tile","gaf":{"predicate":"Block.PaintTo","args":["Dark Green"]}},{"type":"tile","gaf":{"predicate":"Block.TextureTo","args":["Road Straight",{"x":0,"y":1,"z":0}]}},{"type":"tile","gaf":{"predicate":"Block.ScaleTo","args":[{"x":44,"y":1,"z":44}]}}],[{"type":"tile","gaf":{"predicate":"Meta.Then","args":[]}}]]},
  {"tile-rows":[[{"type":"tile","gaf":{"predicate":"Meta.Stop","args":[]}},{"type":"tile","gaf":{"predicate":"Block.Create","args":["Terrain Tile"]}},{"type":"tile","gaf":{"predicate":"Block.MoveTo","args":[{"x":-0.5,"y":1,"z":-43.5}]}},{"type":"tile","gaf":{"predicate":"Block.RotateTo","args":[{"x":0,"y":0,"z":0}]}},{"type":"tile","gaf":{"predicate":"Block.PaintTo","args":["Grey"]}},{"type":"tile","gaf":{"predicate":"Block.TextureTo","args":["Road Straight",{"x":0,"y":1,"z":0}]}},{"type":"tile","gaf":{"predicate":"Block.ScaleTo","args":[{"x":44,"y":1,"z":44}]}}],[{"type":"tile","gaf":{"predicate":"Meta.Then","args":[]}}]]},
  {"tile-rows":[[{"type":"tile","gaf":{"predicate":"Meta.Stop","args":[]}},{"type":"tile","gaf":{"predicate":"Block.Create","args":["Terrain Tile"]}},{"type":"tile","gaf":{"predicate":"Block.MoveTo","args":[{"x":-132.5,"y":1,"z":-131.5}]}},{"type":"tile","gaf":{"predicate":"Block.RotateTo","args":[{"x":0,"y":0,"z":0}]}},{"type":"tile","gaf":{"predicate":"Block.PaintTo","args":["Grey"]}},{"type":"tile","gaf":{"predicate":"Block.TextureTo","args":["Road Blank",{"x":0,"y":1,"z":0}]}},{"type":"tile","gaf":{"predicate":"Block.ScaleTo","args":[{"x":44,"y":1,"z":44}]}}],[{"type":"tile","gaf":{"predicate":"Meta.Then","args":[]}}]]},
  {"tile-rows":[[{"type":"tile","gaf":{"predicate":"Meta.Stop","args":[]}},{"type":"tile","gaf":{"predicate":"Block.Create","args":["Terrain Tile"]}},{"type":"tile","gaf":{"predicate":"Block.MoveTo","args":[{"x":87.5,"y":1,"z":0.5}]}},{"type":"tile","gaf":{"predicate":"Block.RotateTo","args":[{"x":0,"y":90,"z":0}]}},{"type":"tile","gaf":{"predicate":"Block.PaintTo","args":["Dark Green"]}},{"type":"tile","gaf":{"predicate":"Block.TextureTo","args":["Road Straight",{"x":0,"y":1,"z":0}]}},{"type":"tile","gaf":{"predicate":"Block.ScaleTo","args":[{"x":44,"y":1,"z":44}]}}],[{"type":"tile","gaf":{"predicate":"Meta.Then","args":[]}}]]},
  {"tile-rows":[[{"type":"tile","gaf":{"predicate":"Meta.Stop","args":[]}},{"type":"tile","gaf":{"predicate":"Block.Create","args":["Terrain Tile"]}},{"type":"tile","gaf":{"predicate":"Block.MoveTo","args":[{"x":43.5,"y":1,"z":0.5}]}},{"type":"tile","gaf":{"predicate":"Block.RotateTo","args":[{"x":0,"y":180,"z":0}]}},{"type":"tile","gaf":{"predicate":"Block.PaintTo","args":["Dark Green"]}},{"type":"tile","gaf":{"predicate":"Block.TextureTo","args":["Road Curve",{"x":0,"y":1,"z":0}]}},{"type":"tile","gaf":{"predicate":"Block.ScaleTo","args":[{"x":44,"y":1,"z":44}]}}],[{"type":"tile","gaf":{"predicate":"Meta.Then","args":[]}}]]},
  {"tile-rows":[[{"type":"tile","gaf":{"predicate":"Meta.Stop","args":[]}},{"type":"tile","gaf":{"predicate":"Block.Create","args":["Terrain Tile"]}},{"type":"tile","gaf":{"predicate":"Block.MoveTo","args":[{"x":-0.5,"y":1,"z":0.5}]}},{"type":"tile","gaf":{"predicate":"Block.RotateTo","args":[{"x":0,"y":90,"z":0}]}},{"type":"tile","gaf":{"predicate":"Block.PaintTo","args":["Grey"]}},{"type":"tile","gaf":{"predicate":"Block.TextureTo","args":["Road T Junction",{"x":0,"y":1,"z":0}]}},{"type":"tile","gaf":{"predicate":"Block.ScaleTo","args":[{"x":44,"y":1,"z":44}]}}],[{"type":"tile","gaf":{"predicate":"Meta.Then","args":[]}}]]},
  {"tile-rows":[[{"type":"tile","gaf":{"predicate":"Meta.Stop","args":[]}},{"type":"tile","gaf":{"predicate":"Block.Create","args":["Terrain Tile"]}},{"type":"tile","gaf":{"predicate":"Block.MoveTo","args":[{"x":131.5,"y":1,"z":132.5}]}},{"type":"tile","gaf":{"predicate":"Block.RotateTo","args":[{"x":0,"y":270,"z":0}]}},{"type":"tile","gaf":{"predicate":"Block.PaintTo","args":["Dark Green"]}},{"type":"tile","gaf":{"predicate":"Block.TextureTo","args":["Road Curve",{"x":0,"y":1,"z":0}]}},{"type":"tile","gaf":{"predicate":"Block.ScaleTo","args":[{"x":44,"y":1,"z":44}]}}],[{"type":"tile","gaf":{"predicate":"Meta.Then","args":[]}}]]},
  {"tile-rows":[[{"type":"tile","gaf":{"predicate":"Meta.Stop","args":[]}},{"type":"tile","gaf":{"predicate":"Block.Create","args":["Terrain Tile"]}},{"type":"tile","gaf":{"predicate":"Block.MoveTo","args":[{"x":-0.5,"y":1,"z":44.5}]}},{"type":"tile","gaf":{"predicate":"Block.RotateTo","args":[{"x":0,"y":0,"z":0}]}},{"type":"tile","gaf":{"predicate":"Block.PaintTo","args":["Grey"]}},{"type":"tile","gaf":{"predicate":"Block.TextureTo","args":["Road Crosswalk",{"x":0,"y":1,"z":0}]}},{"type":"tile","gaf":{"predicate":"Block.ScaleTo","args":[{"x":44,"y":1,"z":44}]}}],[{"type":"tile","gaf":{"predicate":"Meta.Then","args":[]}}]]},
  {"tile-rows":[[{"type":"tile","gaf":{"predicate":"Meta.Stop","args":[]}},{"type":"tile","gaf":{"predicate":"Block.Create","args":["Terrain Tile"]}},{"type":"tile","gaf":{"predicate":"Block.MoveTo","args":[{"x":-132.5,"y":1,"z":132.5}]}},{"type":"tile","gaf":{"predicate":"Block.RotateTo","args":[{"x":0,"y":180,"z":0}]}},{"type":"tile","gaf":{"predicate":"Block.PaintTo","args":["Grey"]}},{"type":"tile","gaf":{"predicate":"Block.TextureTo","args":["Road Lot Edge",{"x":0,"y":1,"z":0}]}},{"type":"tile","gaf":{"predicate":"Block.ScaleTo","args":[{"x":44,"y":1,"z":44}]}}],[{"type":"tile","gaf":{"predicate":"Meta.Then","args":[]}}]]},
  {"tile-rows":[[{"type":"tile","gaf":{"predicate":"Meta.Stop","args":[]}},{"type":"tile","gaf":{"predicate":"Block.Create","args":["Terrain Tile"]}},{"type":"tile","gaf":{"predicate":"Block.MoveTo","args":[{"x":-44.5,"y":1,"z":0.5}]}},{"type":"tile","gaf":{"predicate":"Block.RotateTo","args":[{"x":0,"y":270,"z":0}]}},{"type":"tile","gaf":{"predicate":"Block.PaintTo","args":["Grey"]}},{"type":"tile","gaf":{"predicate":"Block.TextureTo","args":["Road Crosswalk",{"x":0,"y":1,"z":0}]}},{"type":"tile","gaf":{"predicate":"Block.ScaleTo","args":[{"x":44,"y":1,"z":44}]}}],[{"type":"tile","gaf":{"predicate":"Meta.Then","args":[]}}]]},
  {"tile-rows":[[{"type":"tile","gaf":{"predicate":"Meta.Stop","args":[]}},{"type":"tile","gaf":{"predicate":"Block.Create","args":["Terrain Tile"]}},{"type":"tile","gaf":{"predicate":"Block.MoveTo","args":[{"x":131.5,"y":1,"z":0.5}]}},{"type":"tile","gaf":{"predicate":"Block.RotateTo","args":[{"x":0,"y":270,"z":0}]}},{"type":"tile","gaf":{"predicate":"Block.PaintTo","args":["Dark Green"]}},{"type":"tile","gaf":{"predicate":"Block.TextureTo","args":["Road Roundabout",{"x":0,"y":1,"z":0}]}},{"type":"tile","gaf":{"predicate":"Block.ScaleTo","args":[{"x":44,"y":1,"z":44}]}}],[{"type":"tile","gaf":{"predicate":"Meta.Then","args":[]}}]]},
  {"tile-rows":[[{"type":"tile","gaf":{"predicate":"Meta.Stop","args":[]}},{"type":"tile","gaf":{"predicate":"Block.Create","args":["Terrain Tile"]}},{"type":"tile","gaf":{"predicate":"Block.MoveTo","args":[{"x":-88.5,"y":1,"z":0.5}]}},{"type":"tile","gaf":{"predicate":"Block.RotateTo","args":[{"x":0,"y":270,"z":0}]}},{"type":"tile","gaf":{"predicate":"Block.PaintTo","args":["Grey"]}},{"type":"tile","gaf":{"predicate":"Block.TextureTo","args":["Road Fourway",{"x":0,"y":1,"z":0}]}},{"type":"tile","gaf":{"predicate":"Block.ScaleTo","args":[{"x":44,"y":1,"z":44}]}}],[{"type":"tile","gaf":{"predicate":"Meta.Then","args":[]}}]]},
  {"tile-rows":[[{"type":"tile","gaf":{"predicate":"Meta.Stop","args":[]}},{"type":"tile","gaf":{"predicate":"Block.Create","args":["Terrain Tile"]}},{"type":"tile","gaf":{"predicate":"Block.MoveTo","args":[{"x":-0.5,"y":1,"z":88.5}]}},{"type":"tile","gaf":{"predicate":"Block.RotateTo","args":[{"x":0,"y":0,"z":0}]}},{"type":"tile","gaf":{"predicate":"Block.PaintTo","args":["Grey"]}},{"type":"tile","gaf":{"predicate":"Block.TextureTo","args":["Road Fourway",{"x":0,"y":1,"z":0}]}},{"type":"tile","gaf":{"predicate":"Block.ScaleTo","args":[{"x":44,"y":1,"z":44}]}}],[{"type":"tile","gaf":{"predicate":"Meta.Then","args":[]}}]]},
  {"tile-rows":[[{"type":"tile","gaf":{"predicate":"Meta.Stop","args":[]}},{"type":"tile","gaf":{"predicate":"Block.Create","args":["Terrain Tile"]}},{"type":"tile","gaf":{"predicate":"Block.MoveTo","args":[{"x":-0.5,"y":1,"z":-87.5}]}},{"type":"tile","gaf":{"predicate":"Block.RotateTo","args":[{"x":0,"y":0,"z":0}]}},{"type":"tile","gaf":{"predicate":"Block.PaintTo","args":["Grey"]}},{"type":"tile","gaf":{"predicate":"Block.TextureTo","args":["Road Fourway",{"x":0,"y":1,"z":0}]}},{"type":"tile","gaf":{"predicate":"Block.ScaleTo","args":[{"x":44,"y":1,"z":44}]}}],[{"type":"tile","gaf":{"predicate":"Meta.Then","args":[]}}]]},
  {"tile-rows":[[{"type":"tile","gaf":{"predicate":"Meta.Stop","args":[]}},{"type":"tile","gaf":{"predicate":"Block.Create","args":["Terrain Tile"]}},{"type":"tile","gaf":{"predicate":"Block.MoveTo","args":[{"x":175.5,"y":1,"z":88.5}]}},{"type":"tile","gaf":{"predicate":"Block.RotateTo","args":[{"x":0,"y":0,"z":0}]}},{"type":"tile","gaf":{"predicate":"Block.PaintTo","args":["Dark Green"]}},{"type":"tile","gaf":{"predicate":"Block.TextureTo","args":["Road Straight",{"x":0,"y":1,"z":0}]}},{"type":"tile","gaf":{"predicate":"Block.ScaleTo","args":[{"x":44,"y":1,"z":44}]}}],[{"type":"tile","gaf":{"predicate":"Meta.Then","args":[]}}]]},
  {"tile-rows":[[{"type":"tile","gaf":{"predicate":"Meta.Stop","args":[]}},{"type":"tile","gaf":{"predicate":"Block.Create","args":["Terrain Tile"]}},{"type":"tile","gaf":{"predicate":"Block.MoveTo","args":[{"x":175.5,"y":1,"z":44.5}]}},{"type":"tile","gaf":{"predicate":"Block.RotateTo","args":[{"x":0,"y":0,"z":0}]}},{"type":"tile","gaf":{"predicate":"Block.PaintTo","args":["Dark Green"]}},{"type":"tile","gaf":{"predicate":"Block.TextureTo","args":["Road Crosswalk",{"x":0,"y":1,"z":0}]}},{"type":"tile","gaf":{"predicate":"Block.ScaleTo","args":[{"x":44,"y":1,"z":44}]}}],[{"type":"tile","gaf":{"predicate":"Meta.Then","args":[]}}]]},
  {"tile-rows":[[{"type":"tile","gaf":{"predicate":"Meta.Stop","args":[]}},{"type":"tile","gaf":{"predicate":"Block.Create","args":["Terrain Tile"]}},{"type":"tile","gaf":{"predicate":"Block.MoveTo","args":[{"x":175.5,"y":1,"z":-87.5}]}},{"type":"tile","gaf":{"predicate":"Block.RotateTo","args":[{"x":0,"y":0,"z":0}]}},{"type":"tile","gaf":{"predicate":"Block.PaintTo","args":["Dark Green"]}},{"type":"tile","gaf":{"predicate":"Block.TextureTo","args":["Road Dead End",{"x":0,"y":1,"z":0}]}},{"type":"tile","gaf":{"predicate":"Block.ScaleTo","args":[{"x":44,"y":1,"z":44}]}}],[{"type":"tile","gaf":{"predicate":"Meta.Then","args":[]}}]]},
  {"tile-rows":[[{"type":"tile","gaf":{"predicate":"Meta.Stop","args":[]}},{"type":"tile","gaf":{"predicate":"Block.Create","args":["Terrain Tile"]}},{"type":"tile","gaf":{"predicate":"Block.MoveTo","args":[{"x":175.5,"y":1,"z":-43.5}]}},{"type":"tile","gaf":{"predicate":"Block.RotateTo","args":[{"x":0,"y":270,"z":0}]}},{"type":"tile","gaf":{"predicate":"Block.PaintTo","args":["Dark Green"]}},{"type":"tile","gaf":{"predicate":"Block.TextureTo","args":["Road Curve",{"x":0,"y":1,"z":0}]}},{"type":"tile","gaf":{"predicate":"Block.ScaleTo","args":[{"x":44,"y":1,"z":44}]}}],[{"type":"tile","gaf":{"predicate":"Meta.Then","args":[]}}]]},
  {"tile-rows":[[{"type":"tile","gaf":{"predicate":"Meta.Stop","args":[]}},{"type":"tile","gaf":{"predicate":"Block.Create","args":["Terrain Tile"]}},{"type":"tile","gaf":{"predicate":"Block.MoveTo","args":[{"x":-0.5,"y":1,"z":-131.5}]}},{"type":"tile","gaf":{"predicate":"Block.RotateTo","args":[{"x":0,"y":0,"z":0}]}},{"type":"tile","gaf":{"predicate":"Block.PaintTo","args":["Grey"]}},{"type":"tile","gaf":{"predicate":"Block.TextureTo","args":["Road Straight",{"x":0,"y":1,"z":0}]}},{"type":"tile","gaf":{"predicate":"Block.ScaleTo","args":[{"x":44,"y":1,"z":44}]}}],[{"type":"tile","gaf":{"predicate":"Meta.Then","args":[]}}]]},
  {"tile-rows":[[{"type":"tile","gaf":{"predicate":"Meta.Stop","args":[]}},{"type":"tile","gaf":{"predicate":"Block.Create","args":["Terrain Tile"]}},{"type":"tile","gaf":{"predicate":"Block.MoveTo","args":[{"x":-0.5,"y":1,"z":132.5}]}},{"type":"tile","gaf":{"predicate":"Block.RotateTo","args":[{"x":0,"y":0,"z":0}]}},{"type":"tile","gaf":{"predicate":"Block.PaintTo","args":["Grey"]}},{"type":"tile","gaf":{"predicate":"Block.TextureTo","args":["Road Straight",{"x":0,"y":1,"z":0}]}},{"type":"tile","gaf":{"predicate":"Block.ScaleTo","args":[{"x":44,"y":1,"z":44}]}}],[{"type":"tile","gaf":{"predicate":"Meta.Then","args":[]}}]]},
  {"tile-rows":[[{"type":"tile","gaf":{"predicate":"Meta.Stop","args":[]}},{"type":"tile","gaf":{"predicate":"Block.Create","args":["Terrain Tile"]}},{"type":"tile","gaf":{"predicate":"Block.MoveTo","args":[{"x":-132.5,"y":1,"z":0.5}]}},{"type":"tile","gaf":{"predicate":"Block.RotateTo","args":[{"x":0,"y":270,"z":0}]}},{"type":"tile","gaf":{"predicate":"Block.PaintTo","args":["Grey"]}},{"type":"tile","gaf":{"predicate":"Block.TextureTo","args":["Road Crosswalk",{"x":0,"y":1,"z":0}]}},{"type":"tile","gaf":{"predicate":"Block.ScaleTo","args":[{"x":44,"y":1,"z":44}]}}],[{"type":"tile","gaf":{"predicate":"Meta.Then","args":[]}}]]},
  {"tile-rows":[[{"type":"tile","gaf":{"predicate":"Meta.Stop","args":[]}},{"type":"tile","gaf":{"predicate":"Block.Create","args":["Terrain Tile"]}},{"type":"tile","gaf":{"predicate":"Block.MoveTo","args":[{"x":-176.5,"y":1,"z":-87.5}]}},{"type":"tile","gaf":{"predicate":"Block.RotateTo","args":[{"x":0,"y":270,"z":0}]}},{"type":"tile","gaf":{"predicate":"Block.PaintTo","args":["Grey"]}},{"type":"tile","gaf":{"predicate":"Block.TextureTo","args":["Road T Junction",{"x":0,"y":1,"z":0}]}},{"type":"tile","gaf":{"predicate":"Block.ScaleTo","args":[{"x":44,"y":1,"z":44}]}}],[{"type":"tile","gaf":{"predicate":"Meta.Then","args":[]}}]]},
  {"tile-rows":[[{"type":"tile","gaf":{"predicate":"Meta.Stop","args":[]}},{"type":"tile","gaf":{"predicate":"Block.Create","args":["Terrain Tile"]}},{"type":"tile","gaf":{"predicate":"Block.MoveTo","args":[{"x":-176.5,"y":1,"z":-43.5}]}},{"type":"tile","gaf":{"predicate":"Block.RotateTo","args":[{"x":0,"y":0,"z":0}]}},{"type":"tile","gaf":{"predicate":"Block.PaintTo","args":["Grey"]}},{"type":"tile","gaf":{"predicate":"Block.TextureTo","args":["Road Straight",{"x":0,"y":1,"z":0}]}},{"type":"tile","gaf":{"predicate":"Block.ScaleTo","args":[{"x":44,"y":1,"z":44}]}}],[{"type":"tile","gaf":{"predicate":"Meta.Then","args":[]}}]]},
  {"tile-rows":[[{"type":"tile","gaf":{"predicate":"Meta.Stop","args":[]}},{"type":"tile","gaf":{"predicate":"Block.Create","args":["Terrain Tile"]}},{"type":"tile","gaf":{"predicate":"Block.MoveTo","args":[{"x":-176.5,"y":1,"z":88.5}]}},{"type":"tile","gaf":{"predicate":"Block.RotateTo","args":[{"x":0,"y":180,"z":0}]}},{"type":"tile","gaf":{"predicate":"Block.PaintTo","args":["Grey"]}},{"type":"tile","gaf":{"predicate":"Block.TextureTo","args":["Road Curve",{"x":0,"y":1,"z":0}]}},{"type":"tile","gaf":{"predicate":"Block.ScaleTo","args":[{"x":44,"y":1,"z":44}]}}],[{"type":"tile","gaf":{"predicate":"Meta.Then","args":[]}}]]},
  {"tile-rows":[[{"type":"tile","gaf":{"predicate":"Meta.Stop","args":[]}},{"type":"tile","gaf":{"predicate":"Block.Create","args":["Terrain Tile"]}},{"type":"tile","gaf":{"predicate":"Block.MoveTo","args":[{"x":-176.5,"y":1,"z":44.5}]}},{"type":"tile","gaf":{"predicate":"Block.RotateTo","args":[{"x":0,"y":180,"z":0}]}},{"type":"tile","gaf":{"predicate":"Block.PaintTo","args":["Grey"]}},{"type":"tile","gaf":{"predicate":"Block.TextureTo","args":["Road Crosswalk",{"x":0,"y":1,"z":0}]}},{"type":"tile","gaf":{"predicate":"Block.ScaleTo","args":[{"x":44,"y":1,"z":44}]}}],[{"type":"tile","gaf":{"predicate":"Meta.Then","args":[]}}]]},
  {"tile-rows":[[{"type":"tile","gaf":{"predicate":"Meta.Stop","args":[]}},{"type":"tile","gaf":{"predicate":"Block.Create","args":["Terrain Tile"]}},{"type":"tile","gaf":{"predicate":"Block.MoveTo","args":[{"x":-88.5,"y":1,"z":176.5}]}},{"type":"tile","gaf":{"predicate":"Block.RotateTo","args":[{"x":0,"y":0,"z":0}]}},{"type":"tile","gaf":{"predicate":"Block.PaintTo","args":["Grey"]}},{"type":"tile","gaf":{"predicate":"Block.TextureTo","args":["Road Lot Edge",{"x":0,"y":1,"z":0}]}},{"type":"tile","gaf":{"predicate":"Block.ScaleTo","args":[{"x":44,"y":1,"z":44}]}}],[{"type":"tile","gaf":{"predicate":"Meta.Then","args":[]}}]]},
  {"tile-rows":[[{"type":"tile","gaf":{"predicate":"Meta.Stop","args":[]}},{"type":"tile","gaf":{"predicate":"Block.Create","args":["Terrain Tile"]}},{"type":"tile","gaf":{"predicate":"Block.MoveTo","args":[{"x":-44.5,"y":1,"z":176.5}]}},{"type":"tile","gaf":{"predicate":"Block.RotateTo","args":[{"x":0,"y":0,"z":0}]}},{"type":"tile","gaf":{"predicate":"Block.PaintTo","args":["Grey"]}},{"type":"tile","gaf":{"predicate":"Block.TextureTo","args":["Road Lot Corner",{"x":0,"y":1,"z":0}]}},{"type":"tile","gaf":{"predicate":"Block.ScaleTo","args":[{"x":44,"y":1,"z":44}]}}],[{"type":"tile","gaf":{"predicate":"Meta.Then","args":[]}}]]},
  {"tile-rows":[[{"type":"tile","gaf":{"predicate":"Meta.Stop","args":[]}},{"type":"tile","gaf":{"predicate":"Block.Create","args":["Terrain Tile"]}},{"type":"tile","gaf":{"predicate":"Block.MoveTo","args":[{"x":87.5,"y":1,"z":176.5}]}},{"type":"tile","gaf":{"predicate":"Block.RotateTo","args":[{"x":0,"y":270,"z":0}]}},{"type":"tile","gaf":{"predicate":"Block.PaintTo","args":["Dark Green"]}},{"type":"tile","gaf":{"predicate":"Block.TextureTo","args":["Road Merge",{"x":0,"y":1,"z":0}]}},{"type":"tile","gaf":{"predicate":"Block.ScaleTo","args":[{"x":44,"y":1,"z":44}]}}],[{"type":"tile","gaf":{"predicate":"Meta.Then","args":[]}}]]},
  {"tile-rows":[[{"type":"tile","gaf":{"predicate":"Meta.Stop","args":[]}},{"type":"tile","gaf":{"predicate":"Block.Create","args":["Terrain Tile"]}},{"type":"tile","gaf":{"predicate":"Block.MoveTo","args":[{"x":43.5,"y":1,"z":176.5}]}},{"type":"tile","gaf":{"predicate":"Block.RotateTo","args":[{"x":0,"y":270,"z":0}]}},{"type":"tile","gaf":{"predicate":"Block.PaintTo","args":["Dark Green"]}},{"type":"tile","gaf":{"predicate":"Block.TextureTo","args":["Road Straight",{"x":0,"y":1,"z":0}]}},{"type":"tile","gaf":{"predicate":"Block.ScaleTo","args":[{"x":44,"y":1,"z":44}]}}],[{"type":"tile","gaf":{"predicate":"Meta.Then","args":[]}}]]},
  {"tile-rows":[[{"type":"tile","gaf":{"predicate":"Meta.Stop","args":[]}},{"type":"tile","gaf":{"predicate":"Block.Create","args":["Terrain Tile"]}},{"type":"tile","gaf":{"predicate":"Block.MoveTo","args":[{"x":87.5,"y":1,"z":-175.5}]}},{"type":"tile","gaf":{"predicate":"Block.RotateTo","args":[{"x":0,"y":90,"z":0}]}},{"type":"tile","gaf":{"predicate":"Block.PaintTo","args":["Dark Green"]}},{"type":"tile","gaf":{"predicate":"Block.TextureTo","args":["Road Straight",{"x":0,"y":1,"z":0}]}},{"type":"tile","gaf":{"predicate":"Block.ScaleTo","args":[{"x":44,"y":1,"z":44}]}}],[{"type":"tile","gaf":{"predicate":"Meta.Then","args":[]}}]]},
  {"tile-rows":[[{"type":"tile","gaf":{"predicate":"Meta.Stop","args":[]}},{"type":"tile","gaf":{"predicate":"Block.Create","args":["Terrain Tile"]}},{"type":"tile","gaf":{"predicate":"Block.MoveTo","args":[{"x":43.5,"y":1,"z":-175.5}]}},{"type":"tile","gaf":{"predicate":"Block.RotateTo","args":[{"x":0,"y":90,"z":0}]}},{"type":"tile","gaf":{"predicate":"Block.PaintTo","args":["Dark Green"]}},{"type":"tile","gaf":{"predicate":"Block.TextureTo","args":["Road Straight",{"x":0,"y":1,"z":0}]}},{"type":"tile","gaf":{"predicate":"Block.ScaleTo","args":[{"x":44,"y":1,"z":44}]}}],[{"type":"tile","gaf":{"predicate":"Meta.Then","args":[]}}]]},
  {"tile-rows":[[{"type":"tile","gaf":{"predicate":"Meta.Stop","args":[]}},{"type":"tile","gaf":{"predicate":"Block.Create","args":["Terrain Tile"]}},{"type":"tile","gaf":{"predicate":"Block.MoveTo","args":[{"x":-88.5,"y":1,"z":-175.5}]}},{"type":"tile","gaf":{"predicate":"Block.RotateTo","args":[{"x":0,"y":180,"z":0}]}},{"type":"tile","gaf":{"predicate":"Block.PaintTo","args":["Grey"]}},{"type":"tile","gaf":{"predicate":"Block.TextureTo","args":["Road T Junction",{"x":0,"y":1,"z":0}]}},{"type":"tile","gaf":{"predicate":"Block.ScaleTo","args":[{"x":44,"y":1,"z":44}]}}],[{"type":"tile","gaf":{"predicate":"Meta.Then","args":[]}}]]},
  {"tile-rows":[[{"type":"tile","gaf":{"predicate":"Meta.Stop","args":[]}},{"type":"tile","gaf":{"predicate":"Block.Create","args":["Terrain Tile"]}},{"type":"tile","gaf":{"predicate":"Block.MoveTo","args":[{"x":-44.5,"y":1,"z":-175.5}]}},{"type":"tile","gaf":{"predicate":"Block.RotateTo","args":[{"x":0,"y":90,"z":0}]}},{"type":"tile","gaf":{"predicate":"Block.PaintTo","args":["Grey"]}},{"type":"tile","gaf":{"predicate":"Block.TextureTo","args":["Road Straight",{"x":0,"y":1,"z":0}]}},{"type":"tile","gaf":{"predicate":"Block.ScaleTo","args":[{"x":44,"y":1,"z":44}]}}],[{"type":"tile","gaf":{"predicate":"Meta.Then","args":[]}}]]},
  {"tile-rows":[[{"type":"tile","gaf":{"predicate":"Meta.Stop","args":[]}},{"type":"tile","gaf":{"predicate":"Block.Create","args":["Terrain Tile"]}},{"type":"tile","gaf":{"predicate":"Block.MoveTo","args":[{"x":-88.5,"y":1,"z":132.5}]}},{"type":"tile","gaf":{"predicate":"Block.RotateTo","args":[{"x":0,"y":180,"z":0}]}},{"type":"tile","gaf":{"predicate":"Block.PaintTo","args":["Grey"]}},{"type":"tile","gaf":{"predicate":"Block.TextureTo","args":["Road Lot Entrance",{"x":0,"y":1,"z":0}]}},{"type":"tile","gaf":{"predicate":"Block.ScaleTo","args":[{"x":44,"y":1,"z":44}]}}],[{"type":"tile","gaf":{"predicate":"Meta.Then","args":[]}}]]},
  {"tile-rows":[[{"type":"tile","gaf":{"predicate":"Meta.Stop","args":[]}},{"type":"tile","gaf":{"predicate":"Block.Create","args":["Terrain Tile"]}},{"type":"tile","gaf":{"predicate":"Block.MoveTo","args":[{"x":-44.5,"y":1,"z":132.5}]}},{"type":"tile","gaf":{"predicate":"Block.RotateTo","args":[{"x":0,"y":90,"z":0}]}},{"type":"tile","gaf":{"predicate":"Block.PaintTo","args":["Grey"]}},{"type":"tile","gaf":{"predicate":"Block.TextureTo","args":["Road Lot Corner",{"x":0,"y":1,"z":0}]}},{"type":"tile","gaf":{"predicate":"Block.ScaleTo","args":[{"x":44,"y":1,"z":44}]}}],[{"type":"tile","gaf":{"predicate":"Meta.Then","args":[]}}]]},
  {"tile-rows":[[{"type":"tile","gaf":{"predicate":"Meta.Stop","args":[]}},{"type":"tile","gaf":{"predicate":"Block.Create","args":["Terrain Tile"]}},{"type":"tile","gaf":{"predicate":"Block.MoveTo","args":[{"x":-44.5,"y":1,"z":88.5}]}},{"type":"tile","gaf":{"predicate":"Block.RotateTo","args":[{"x":0,"y":90,"z":0}]}},{"type":"tile","gaf":{"predicate":"Block.PaintTo","args":["Grey"]}},{"type":"tile","gaf":{"predicate":"Block.TextureTo","args":["Road Straight",{"x":0,"y":1,"z":0}]}},{"type":"tile","gaf":{"predicate":"Block.ScaleTo","args":[{"x":44,"y":1,"z":44}]}}],[{"type":"tile","gaf":{"predicate":"Meta.Then","args":[]}}]]},
  {"tile-rows":[[{"type":"tile","gaf":{"predicate":"Meta.Stop","args":[]}},{"type":"tile","gaf":{"predicate":"Block.Create","args":["Terrain Tile"]}},{"type":"tile","gaf":{"predicate":"Block.MoveTo","args":[{"x":-88.5,"y":1,"z":88.5}]}},{"type":"tile","gaf":{"predicate":"Block.RotateTo","args":[{"x":0,"y":0,"z":0}]}},{"type":"tile","gaf":{"predicate":"Block.PaintTo","args":["Grey"]}},{"type":"tile","gaf":{"predicate":"Block.TextureTo","args":["Road Fourway",{"x":0,"y":1,"z":0}]}},{"type":"tile","gaf":{"predicate":"Block.ScaleTo","args":[{"x":44,"y":1,"z":44}]}}],[{"type":"tile","gaf":{"predicate":"Meta.Then","args":[]}}]]},
  {"tile-rows":[[{"type":"tile","gaf":{"predicate":"Meta.Stop","args":[]}},{"type":"tile","gaf":{"predicate":"Block.Create","args":["Terrain Tile"]}},{"type":"tile","gaf":{"predicate":"Block.MoveTo","args":[{"x":-132.5,"y":1,"z":88.5}]}},{"type":"tile","gaf":{"predicate":"Block.RotateTo","args":[{"x":0,"y":270,"z":0}]}},{"type":"tile","gaf":{"predicate":"Block.PaintTo","args":["Grey"]}},{"type":"tile","gaf":{"predicate":"Block.TextureTo","args":["Road Straight",{"x":0,"y":1,"z":0}]}},{"type":"tile","gaf":{"predicate":"Block.ScaleTo","args":[{"x":44,"y":1,"z":44}]}}],[{"type":"tile","gaf":{"predicate":"Meta.Then","args":[]}}]]},
  {"tile-rows":[[{"type":"tile","gaf":{"predicate":"Meta.Stop","args":[]}},{"type":"tile","gaf":{"predicate":"Block.Create","args":["Terrain Tile"]}},{"type":"tile","gaf":{"predicate":"Block.MoveTo","args":[{"x":-132.5,"y":1,"z":44.5}]}},{"type":"tile","gaf":{"predicate":"Block.RotateTo","args":[{"x":0,"y":0,"z":0}]}},{"type":"tile","gaf":{"predicate":"Block.PaintTo","args":["Grey"]}},{"type":"tile","gaf":{"predicate":"Block.TextureTo","args":["Road Blank",{"x":0,"y":1,"z":0}]}},{"type":"tile","gaf":{"predicate":"Block.ScaleTo","args":[{"x":44,"y":1,"z":44}]}}],[{"type":"tile","gaf":{"predicate":"Meta.Then","args":[]}}]]},
  {"tile-rows":[[{"type":"tile","gaf":{"predicate":"Meta.Stop","args":[]}},{"type":"tile","gaf":{"predicate":"Block.Create","args":["Terrain Tile"]}},{"type":"tile","gaf":{"predicate":"Block.MoveTo","args":[{"x":-88.5,"y":1,"z":44.5}]}},{"type":"tile","gaf":{"predicate":"Block.RotateTo","args":[{"x":0,"y":0,"z":0}]}},{"type":"tile","gaf":{"predicate":"Block.PaintTo","args":["Grey"]}},{"type":"tile","gaf":{"predicate":"Block.TextureTo","args":["Road Straight",{"x":0,"y":1,"z":0}]}},{"type":"tile","gaf":{"predicate":"Block.ScaleTo","args":[{"x":44,"y":1,"z":44}]}}],[{"type":"tile","gaf":{"predicate":"Meta.Then","args":[]}}]]},
  {"tile-rows":[[{"type":"tile","gaf":{"predicate":"Meta.Stop","args":[]}},{"type":"tile","gaf":{"predicate":"Block.Create","args":["Terrain Tile"]}},{"type":"tile","gaf":{"predicate":"Block.MoveTo","args":[{"x":-44.5,"y":1,"z":44.5}]}},{"type":"tile","gaf":{"predicate":"Block.RotateTo","args":[{"x":0,"y":0,"z":0}]}},{"type":"tile","gaf":{"predicate":"Block.PaintTo","args":["Grey"]}},{"type":"tile","gaf":{"predicate":"Block.TextureTo","args":["Road Blank",{"x":0,"y":1,"z":0}]}},{"type":"tile","gaf":{"predicate":"Block.ScaleTo","args":[{"x":44,"y":1,"z":44}]}}],[{"type":"tile","gaf":{"predicate":"Meta.Then","args":[]}}]]},
  {"tile-rows":[[{"type":"tile","gaf":{"predicate":"Meta.Stop","args":[]}},{"type":"tile","gaf":{"predicate":"Block.Create","args":["Terrain Tile"]}},{"type":"tile","gaf":{"predicate":"Block.MoveTo","args":[{"x":87.5,"y":1,"z":132.5}]}},{"type":"tile","gaf":{"predicate":"Block.RotateTo","args":[{"x":0,"y":90,"z":0}]}},{"type":"tile","gaf":{"predicate":"Block.PaintTo","args":["Dark Green"]}},{"type":"tile","gaf":{"predicate":"Block.TextureTo","args":["Road Curve",{"x":0,"y":1,"z":0}]}},{"type":"tile","gaf":{"predicate":"Block.ScaleTo","args":[{"x":44,"y":1,"z":44}]}}],[{"type":"tile","gaf":{"predicate":"Meta.Then","args":[]}}]]},
  {"tile-rows":[[{"type":"tile","gaf":{"predicate":"Meta.Stop","args":[]}},{"type":"tile","gaf":{"predicate":"Block.Create","args":["Terrain Tile"]}},{"type":"tile","gaf":{"predicate":"Block.MoveTo","args":[{"x":43.5,"y":1,"z":132.5}]}},{"type":"tile","gaf":{"predicate":"Block.RotateTo","args":[{"x":0,"y":0,"z":0}]}},{"type":"tile","gaf":{"predicate":"Block.PaintTo","args":["Dark Green"]}},{"type":"tile","gaf":{"predicate":"Block.TextureTo","args":["Road Blank",{"x":0,"y":1,"z":0}]}},{"type":"tile","gaf":{"predicate":"Block.ScaleTo","args":[{"x":44,"y":1,"z":44}]}}],[{"type":"tile","gaf":{"predicate":"Meta.Then","args":[]}}]]},
  {"tile-rows":[[{"type":"tile","gaf":{"predicate":"Meta.Stop","args":[]}},{"type":"tile","gaf":{"predicate":"Block.Create","args":["Terrain Tile"]}},{"type":"tile","gaf":{"predicate":"Block.MoveTo","args":[{"x":43.5,"y":1,"z":88.5}]}},{"type":"tile","gaf":{"predicate":"Block.RotateTo","args":[{"x":0,"y":270,"z":0}]}},{"type":"tile","gaf":{"predicate":"Block.PaintTo","args":["Dark Green"]}},{"type":"tile","gaf":{"predicate":"Block.TextureTo","args":["Road Straight",{"x":0,"y":1,"z":0}]}},{"type":"tile","gaf":{"predicate":"Block.ScaleTo","args":[{"x":44,"y":1,"z":44}]}}],[{"type":"tile","gaf":{"predicate":"Meta.Then","args":[]}}]]},
  {"tile-rows":[[{"type":"tile","gaf":{"predicate":"Meta.Stop","args":[]}},{"type":"tile","gaf":{"predicate":"Block.Create","args":["Terrain Tile"]}},{"type":"tile","gaf":{"predicate":"Block.MoveTo","args":[{"x":87.5,"y":1,"z":88.5}]}},{"type":"tile","gaf":{"predicate":"Block.RotateTo","args":[{"x":0,"y":0,"z":0}]}},{"type":"tile","gaf":{"predicate":"Block.PaintTo","args":["Dark Green"]}},{"type":"tile","gaf":{"predicate":"Block.TextureTo","args":["Road T Junction",{"x":0,"y":1,"z":0}]}},{"type":"tile","gaf":{"predicate":"Block.ScaleTo","args":[{"x":44,"y":1,"z":44}]}}],[{"type":"tile","gaf":{"predicate":"Meta.Then","args":[]}}]]},
  {"tile-rows":[[{"type":"tile","gaf":{"predicate":"Meta.Stop","args":[]}},{"type":"tile","gaf":{"predicate":"Block.Create","args":["Terrain Tile"]}},{"type":"tile","gaf":{"predicate":"Block.MoveTo","args":[{"x":131.5,"y":1,"z":88.5}]}},{"type":"tile","gaf":{"predicate":"Block.RotateTo","args":[{"x":0,"y":0,"z":0}]}},{"type":"tile","gaf":{"predicate":"Block.PaintTo","args":["Dark Green"]}},{"type":"tile","gaf":{"predicate":"Block.TextureTo","args":["Road Curve",{"x":0,"y":1,"z":0}]}},{"type":"tile","gaf":{"predicate":"Block.ScaleTo","args":[{"x":44,"y":1,"z":44}]}}],[{"type":"tile","gaf":{"predicate":"Meta.Then","args":[]}}]]},
  {"tile-rows":[[{"type":"tile","gaf":{"predicate":"Meta.Stop","args":[]}},{"type":"tile","gaf":{"predicate":"Block.Create","args":["Terrain Tile"]}},{"type":"tile","gaf":{"predicate":"Block.MoveTo","args":[{"x":131.5,"y":1,"z":44.5}]}},{"type":"tile","gaf":{"predicate":"Block.RotateTo","args":[{"x":0,"y":270,"z":0}]}},{"type":"tile","gaf":{"predicate":"Block.PaintTo","args":["Dark Green"]}},{"type":"tile","gaf":{"predicate":"Block.TextureTo","args":["Road Curve",{"x":0,"y":1,"z":0}]}},{"type":"tile","gaf":{"predicate":"Block.ScaleTo","args":[{"x":44,"y":1,"z":44}]}}],[{"type":"tile","gaf":{"predicate":"Meta.Then","args":[]}}]]},
  {"tile-rows":[[{"type":"tile","gaf":{"predicate":"Meta.Stop","args":[]}},{"type":"tile","gaf":{"predicate":"Block.Create","args":["Terrain Tile"]}},{"type":"tile","gaf":{"predicate":"Block.MoveTo","args":[{"x":87.5,"y":1,"z":44.5}]}},{"type":"tile","gaf":{"predicate":"Block.RotateTo","args":[{"x":0,"y":90,"z":0}]}},{"type":"tile","gaf":{"predicate":"Block.PaintTo","args":["Dark Green"]}},{"type":"tile","gaf":{"predicate":"Block.TextureTo","args":["Road Curve",{"x":0,"y":1,"z":0}]}},{"type":"tile","gaf":{"predicate":"Block.ScaleTo","args":[{"x":44,"y":1,"z":44}]}}],[{"type":"tile","gaf":{"predicate":"Meta.Then","args":[]}}]]},
  {"tile-rows":[[{"type":"tile","gaf":{"predicate":"Meta.Stop","args":[]}},{"type":"tile","gaf":{"predicate":"Block.Create","args":["Terrain Tile"]}},{"type":"tile","gaf":{"predicate":"Block.MoveTo","args":[{"x":43.5,"y":1,"z":44.5}]}},{"type":"tile","gaf":{"predicate":"Block.RotateTo","args":[{"x":0,"y":0,"z":0}]}},{"type":"tile","gaf":{"predicate":"Block.PaintTo","args":["Dark Green"]}},{"type":"tile","gaf":{"predicate":"Block.TextureTo","args":["Road Blank",{"x":0,"y":1,"z":0}]}},{"type":"tile","gaf":{"predicate":"Block.ScaleTo","args":[{"x":44,"y":1,"z":44}]}}],[{"type":"tile","gaf":{"predicate":"Meta.Then","args":[]}}]]},
  {"tile-rows":[[{"type":"tile","gaf":{"predicate":"Meta.Stop","args":[]}},{"type":"tile","gaf":{"predicate":"Block.Create","args":["Terrain Tile"]}},{"type":"tile","gaf":{"predicate":"Block.MoveTo","args":[{"x":131.5,"y":1,"z":-87.5}]}},{"type":"tile","gaf":{"predicate":"Block.RotateTo","args":[{"x":0,"y":90,"z":0}]}},{"type":"tile","gaf":{"predicate":"Block.PaintTo","args":["Dark Green"]}},{"type":"tile","gaf":{"predicate":"Block.TextureTo","args":["Road Blank",{"x":0,"y":1,"z":0}]}},{"type":"tile","gaf":{"predicate":"Block.ScaleTo","args":[{"x":44,"y":1,"z":44}]}}],[{"type":"tile","gaf":{"predicate":"Meta.Then","args":[]}}]]},
  {"tile-rows":[[{"type":"tile","gaf":{"predicate":"Meta.Stop","args":[]}},{"type":"tile","gaf":{"predicate":"Block.Create","args":["Terrain Tile"]}},{"type":"tile","gaf":{"predicate":"Block.MoveTo","args":[{"x":131.5,"y":1,"z":-43.5}]}},{"type":"tile","gaf":{"predicate":"Block.RotateTo","args":[{"x":0,"y":90,"z":0}]}},{"type":"tile","gaf":{"predicate":"Block.PaintTo","args":["Dark Green"]}},{"type":"tile","gaf":{"predicate":"Block.TextureTo","args":["Road Curve",{"x":0,"y":1,"z":0}]}},{"type":"tile","gaf":{"predicate":"Block.ScaleTo","args":[{"x":44,"y":1,"z":44}]}}],[{"type":"tile","gaf":{"predicate":"Meta.Then","args":[]}}]]},
  {"tile-rows":[[{"type":"tile","gaf":{"predicate":"Meta.Stop","args":[]}},{"type":"tile","gaf":{"predicate":"Block.Create","args":["Terrain Tile"]}},{"type":"tile","gaf":{"predicate":"Block.MoveTo","args":[{"x":87.5,"y":1,"z":-131.5}]}},{"type":"tile","gaf":{"predicate":"Block.RotateTo","args":[{"x":0,"y":90,"z":0}]}},{"type":"tile","gaf":{"predicate":"Block.PaintTo","args":["Dark Green"]}},{"type":"tile","gaf":{"predicate":"Block.TextureTo","args":["Road Curve",{"x":0,"y":1,"z":0}]}},{"type":"tile","gaf":{"predicate":"Block.ScaleTo","args":[{"x":44,"y":1,"z":44}]}}],[{"type":"tile","gaf":{"predicate":"Meta.Then","args":[]}}]]},
  {"tile-rows":[[{"type":"tile","gaf":{"predicate":"Meta.Stop","args":[]}},{"type":"tile","gaf":{"predicate":"Block.Create","args":["Terrain Tile"]}},{"type":"tile","gaf":{"predicate":"Block.MoveTo","args":[{"x":87.5,"y":1,"z":-87.5}]}},{"type":"tile","gaf":{"predicate":"Block.RotateTo","args":[{"x":0,"y":90,"z":0}]}},{"type":"tile","gaf":{"predicate":"Block.PaintTo","args":["Dark Green"]}},{"type":"tile","gaf":{"predicate":"Block.TextureTo","args":["Road T Junction",{"x":0,"y":1,"z":0}]}},{"type":"tile","gaf":{"predicate":"Block.ScaleTo","args":[{"x":44,"y":1,"z":44}]}}],[{"type":"tile","gaf":{"predicate":"Meta.Then","args":[]}}]]},
  {"tile-rows":[[{"type":"tile","gaf":{"predicate":"Meta.Stop","args":[]}},{"type":"tile","gaf":{"predicate":"Block.Create","args":["Terrain Tile"]}},{"type":"tile","gaf":{"predicate":"Block.MoveTo","args":[{"x":87.5,"y":1,"z":-43.5}]}},{"type":"tile","gaf":{"predicate":"Block.RotateTo","args":[{"x":0,"y":270,"z":0}]}},{"type":"tile","gaf":{"predicate":"Block.PaintTo","args":["Dark Green"]}},{"type":"tile","gaf":{"predicate":"Block.TextureTo","args":["Road Curve",{"x":0,"y":1,"z":0}]}},{"type":"tile","gaf":{"predicate":"Block.ScaleTo","args":[{"x":44,"y":1,"z":44}]}}],[{"type":"tile","gaf":{"predicate":"Meta.Then","args":[]}}]]},
  {"tile-rows":[[{"type":"tile","gaf":{"predicate":"Meta.Stop","args":[]}},{"type":"tile","gaf":{"predicate":"Block.Create","args":["Terrain Tile"]}},{"type":"tile","gaf":{"predicate":"Block.MoveTo","args":[{"x":43.5,"y":1,"z":-43.5}]}},{"type":"tile","gaf":{"predicate":"Block.RotateTo","args":[{"x":0,"y":90,"z":0}]}},{"type":"tile","gaf":{"predicate":"Block.PaintTo","args":["Dark Green"]}},{"type":"tile","gaf":{"predicate":"Block.TextureTo","args":["Road Curve",{"x":0,"y":1,"z":0}]}},{"type":"tile","gaf":{"predicate":"Block.ScaleTo","args":[{"x":44,"y":1,"z":44}]}}],[{"type":"tile","gaf":{"predicate":"Meta.Then","args":[]}}]]},
  {"tile-rows":[[{"type":"tile","gaf":{"predicate":"Meta.Stop","args":[]}},{"type":"tile","gaf":{"predicate":"Block.Create","args":["Terrain Tile"]}},{"type":"tile","gaf":{"predicate":"Block.MoveTo","args":[{"x":43.5,"y":1,"z":-87.5}]}},{"type":"tile","gaf":{"predicate":"Block.RotateTo","args":[{"x":0,"y":90,"z":0}]}},{"type":"tile","gaf":{"predicate":"Block.PaintTo","args":["Dark Green"]}},{"type":"tile","gaf":{"predicate":"Block.TextureTo","args":["Road Crosswalk",{"x":0,"y":1,"z":0}]}},{"type":"tile","gaf":{"predicate":"Block.ScaleTo","args":[{"x":44,"y":1,"z":44}]}}],[{"type":"tile","gaf":{"predicate":"Meta.Then","args":[]}}]]},
  {"tile-rows":[[{"type":"tile","gaf":{"predicate":"Meta.Stop","args":[]}},{"type":"tile","gaf":{"predicate":"Block.Create","args":["Terrain Tile"]}},{"type":"tile","gaf":{"predicate":"Block.MoveTo","args":[{"x":43.5,"y":1,"z":-131.5}]}},{"type":"tile","gaf":{"predicate":"Block.RotateTo","args":[{"x":0,"y":180,"z":0}]}},{"type":"tile","gaf":{"predicate":"Block.PaintTo","args":["Dark Green"]}},{"type":"tile","gaf":{"predicate":"Block.TextureTo","args":["Road Blank",{"x":0,"y":1,"z":0}]}},{"type":"tile","gaf":{"predicate":"Block.ScaleTo","args":[{"x":44,"y":1,"z":44}]}}],[{"type":"tile","gaf":{"predicate":"Meta.Then","args":[]}}]]},
  {"tile-rows":[[{"type":"tile","gaf":{"predicate":"Meta.Stop","args":[]}},{"type":"tile","gaf":{"predicate":"Block.Create","args":["Terrain Tile"]}},{"type":"tile","gaf":{"predicate":"Block.MoveTo","args":[{"x":-132.5,"y":1,"z":-87.5}]}},{"type":"tile","gaf":{"predicate":"Block.RotateTo","args":[{"x":0,"y":90,"z":0}]}},{"type":"tile","gaf":{"predicate":"Block.PaintTo","args":["Grey"]}},{"type":"tile","gaf":{"predicate":"Block.TextureTo","args":["Road Crosswalk",{"x":0,"y":1,"z":0}]}},{"type":"tile","gaf":{"predicate":"Block.ScaleTo","args":[{"x":44,"y":1,"z":44}]}}],[{"type":"tile","gaf":{"predicate":"Meta.Then","args":[]}}]]},
  {"tile-rows":[[{"type":"tile","gaf":{"predicate":"Meta.Stop","args":[]}},{"type":"tile","gaf":{"predicate":"Block.Create","args":["Terrain Tile"]}},{"type":"tile","gaf":{"predicate":"Block.MoveTo","args":[{"x":-132.5,"y":1,"z":-43.5}]}},{"type":"tile","gaf":{"predicate":"Block.RotateTo","args":[{"x":0,"y":0,"z":0}]}},{"type":"tile","gaf":{"predicate":"Block.PaintTo","args":["Grey"]}},{"type":"tile","gaf":{"predicate":"Block.TextureTo","args":["Road Blank",{"x":0,"y":1,"z":0}]}},{"type":"tile","gaf":{"predicate":"Block.ScaleTo","args":[{"x":44,"y":1,"z":44}]}}],[{"type":"tile","gaf":{"predicate":"Meta.Then","args":[]}}]]},
  {"tile-rows":[[{"type":"tile","gaf":{"predicate":"Meta.Stop","args":[]}},{"type":"tile","gaf":{"predicate":"Block.Create","args":["Terrain Tile"]}},{"type":"tile","gaf":{"predicate":"Block.MoveTo","args":[{"x":-88.5,"y":1,"z":-43.5}]}},{"type":"tile","gaf":{"predicate":"Block.RotateTo","args":[{"x":0,"y":0,"z":0}]}},{"type":"tile","gaf":{"predicate":"Block.PaintTo","args":["Grey"]}},{"type":"tile","gaf":{"predicate":"Block.TextureTo","args":["Road Crosswalk",{"x":0,"y":1,"z":0}]}},{"type":"tile","gaf":{"predicate":"Block.ScaleTo","args":[{"x":44,"y":1,"z":44}]}}],[{"type":"tile","gaf":{"predicate":"Meta.Then","args":[]}}]]},
  {"tile-rows":[[{"type":"tile","gaf":{"predicate":"Meta.Stop","args":[]}},{"type":"tile","gaf":{"predicate":"Block.Create","args":["Terrain Tile"]}},{"type":"tile","gaf":{"predicate":"Block.MoveTo","args":[{"x":-44.5,"y":1,"z":-43.5}]}},{"type":"tile","gaf":{"predicate":"Block.RotateTo","args":[{"x":0,"y":0,"z":0}]}},{"type":"tile","gaf":{"predicate":"Block.PaintTo","args":["Grey"]}},{"type":"tile","gaf":{"predicate":"Block.TextureTo","args":["Road Blank",{"x":0,"y":1,"z":0}]}},{"type":"tile","gaf":{"predicate":"Block.ScaleTo","args":[{"x":44,"y":1,"z":44}]}}],[{"type":"tile","gaf":{"predicate":"Meta.Then","args":[]}}]]},
  {"tile-rows":[[{"type":"tile","gaf":{"predicate":"Meta.Stop","args":[]}},{"type":"tile","gaf":{"predicate":"Block.Create","args":["Terrain Tile"]}},{"type":"tile","gaf":{"predicate":"Block.MoveTo","args":[{"x":-44.5,"y":1,"z":-87.5}]}},{"type":"tile","gaf":{"predicate":"Block.RotateTo","args":[{"x":0,"y":90,"z":0}]}},{"type":"tile","gaf":{"predicate":"Block.PaintTo","args":["Grey"]}},{"type":"tile","gaf":{"predicate":"Block.TextureTo","args":["Road Crosswalk",{"x":0,"y":1,"z":0}]}},{"type":"tile","gaf":{"predicate":"Block.ScaleTo","args":[{"x":44,"y":1,"z":44}]}}],[{"type":"tile","gaf":{"predicate":"Meta.Then","args":[]}}]]},
  {"tile-rows":[[{"type":"tile","gaf":{"predicate":"Meta.Stop","args":[]}},{"type":"tile","gaf":{"predicate":"Block.Create","args":["Terrain Tile"]}},{"type":"tile","gaf":{"predicate":"Block.MoveTo","args":[{"x":-44.5,"y":1,"z":-131.5}]}},{"type":"tile","gaf":{"predicate":"Block.RotateTo","args":[{"x":0,"y":0,"z":0}]}},{"type":"tile","gaf":{"predicate":"Block.PaintTo","args":["Grey"]}},{"type":"tile","gaf":{"predicate":"Block.TextureTo","args":["Road Blank",{"x":0,"y":1,"z":0}]}},{"type":"tile","gaf":{"predicate":"Block.ScaleTo","args":[{"x":44,"y":1,"z":44}]}}],[{"type":"tile","gaf":{"predicate":"Meta.Then","args":[]}}]]},
  {"tile-rows":[[{"type":"tile","gaf":{"predicate":"Meta.Stop","args":[]}},{"type":"tile","gaf":{"predicate":"Block.Create","args":["Terrain Tile"]}},{"type":"tile","gaf":{"predicate":"Block.MoveTo","args":[{"x":-88.5,"y":1,"z":-131.5}]}},{"type":"tile","gaf":{"predicate":"Block.RotateTo","args":[{"x":0,"y":0,"z":0}]}},{"type":"tile","gaf":{"predicate":"Block.PaintTo","args":["Grey"]}},{"type":"tile","gaf":{"predicate":"Block.TextureTo","args":["Road Straight",{"x":0,"y":1,"z":0}]}},{"type":"tile","gaf":{"predicate":"Block.ScaleTo","args":[{"x":44,"y":1,"z":44}]}}],[{"type":"tile","gaf":{"predicate":"Meta.Then","args":[]}}]]},
  {"tile-rows":[[{"type":"tile","gaf":{"predicate":"Meta.Stop","args":[]}},{"type":"tile","gaf":{"predicate":"Block.Create","args":["Terrain Tile"]}},{"type":"tile","gaf":{"predicate":"Block.MoveTo","args":[{"x":-88.5,"y":1,"z":-87.5}]}},{"type":"tile","gaf":{"predicate":"Block.RotateTo","args":[{"x":0,"y":0,"z":0}]}},{"type":"tile","gaf":{"predicate":"Block.PaintTo","args":["Grey"]}},{"type":"tile","gaf":{"predicate":"Block.TextureTo","args":["Road Fourway",{"x":0,"y":1,"z":0}]}},{"type":"tile","gaf":{"predicate":"Block.ScaleTo","args":[{"x":44,"y":1,"z":44}]}}],[{"type":"tile","gaf":{"predicate":"Meta.Then","args":[]}}]]}
 ],
 "connections":[
  [],
  [],
  [],
  [],
  [],
  [],
  [],
  [],
  [],
  [],
  [],
  [],
  [],
  [],
  [],
  [],
  [],
  [],
  [],
  [],
  [],
  [],
  [],
  [],
  [],
  [],
  [],
  [],
  [],
  [],
  [],
  [],
  [],
  [],
  [],
  [],
  [],
  [],
  [],
  [],
  [],
  [],
  [],
  [],
  [],
  [],
  [],
  [],
  [],
  [],
  [],
  [],
  [],
  [],
  [],
  [],
  [],
  [],
  [],
  [],
  [],
  [],
  [],
  [],
  [],
  [],
  [],
  [],
  [],
  [],
  [],
  [],
  [],
  [],
  [],
  [],
  [],
  [],
  [],
  [],
  [],
  [],
  [],
  [],
  [],
  []
 ],
 "connectionTypes":[
  [],
  [],
  [],
  [],
  [],
  [],
  [],
  [],
  [],
  [],
  [],
  [],
  [],
  [],
  [],
  [],
  [],
  [],
  [],
  [],
  [],
  [],
  [],
  [],
  [],
  [],
  [],
  [],
  [],
  [],
  [],
  [],
  [],
  [],
  [],
  [],
  [],
  [],
  [],
  [],
  [],
  [],
  [],
  [],
  [],
  [],
  [],
  [],
  [],
  [],
  [],
  [],
  [],
  [],
  [],
  [],
  [],
  [],
  [],
  [],
  [],
  [],
  [],
  [],
  [],
  [],
  [],
  [],
  [],
  [],
  [],
  [],
  [],
  [],
  [],
  [],
  [],
  [],
  [],
  [],
  [],
  [],
  [],
  [],
  [],
  []
 ],
 "frozen-in-terrain":[1,1,1,1,0,0,0,0,0,0,0,0,0,0,0,0,0,0,0,0,0,0,0,0,0,0,0,0,0,0,0,0,0,0,0,0,0,0,0,0,0,0,0,0,0,0,0,0,0,0,0,0,0,0,0,0,0,0,0,0,0,0,0,0,0,0,0,0,0,0,0,0,0,0,0,0,0,0,0,0,0,0,0,0,0,0],
 "camera":{
  "rotation":{"x":0.10378,"y":0.42903,"z":-0.04969,"w":0.89592},
  "position":{"x":-110.31935,"y":10.66876,"z":-107.4773},
  "playDistance":36.8525,
  "playAngle":56.96686
 },
 "camera-poses":[
  {"name":"Camera Reset Pose","position":{"x":-52.78707,"y":46.71886,"z":-103.41654},"direction":{"x":0.54312,"y":-0.46377,"z":0.69993}},
  {"name":"","position":{"x":-110.31935,"y":10.66876,"z":-107.4773},"direction":{"x":0.73802,"y":-0.36175,"z":0.5696}}
 ]
}