{
 "blocks":[
  {"tile-rows":[[{"type":"tile","gaf":{"predicate":"Meta.Stop","args":[]}},{"type":"tile","gaf":{"predicate":"Block.Create","args":["Sky UV"]}},{"type":"tile","gaf":{"predicate":"Block.MoveTo","args":[{"x":0,"y":0,"z":0}]}},{"type":"tile","gaf":{"predicate":"Block.RotateTo","args":[{"x":0,"y":0,"z":0}]}},{"type":"tile","gaf":{"predicate":"Block.PaintTo","args":["Red"]}},{"type":"tile","gaf":{"predicate":"Block.TextureTo","args":["Cloudy Sky",{"x":0,"y":0,"z":-1}]}},{"type":"tile","gaf":{"predicate":"Block.ScaleTo","args":[{"x":1,"y":1,"z":1}]}},{"type":"tile","gaf":{"predicate":"Block.SetFog","args":["200","400","Red"]}},{"type":"tile","gaf":{"predicate":"Block.SetBackgroundMusic","args":["MusicBackground"]}},{"type":"tile","gaf":{"predicate":"Sky.EnvEffect","args":["Clear"]}},{"type":"tile","gaf":{"predicate":"Sky.SkyBoxTo","args":[7]}}],[{"type":"tile","gaf":{"predicate":"Meta.Then","args":[]}},{"type":"tile","gaf":{"predicate":"Block.Locked","args":[]}}],[{"type":"tile","gaf":{"predicate":"Meta.Then","args":[]}},{"type":"tile","gaf":{"predicate":"Sky.SetGravity","args":[{"x":0,"y":-20,"z":0}]}},{"type":"tile","gaf":{"predicate":"Block.Fixed","args":[]}}],[{"type":"tile","gaf":{"predicate":"Meta.Then","args":[]}}]]},
  {"tile-rows":[[{"type":"tile","gaf":{"predicate":"Meta.Stop","args":[]}},{"type":"tile","gaf":{"predicate":"Block.Create","args":["Water Endless Expanse"]}},{"type":"tile","gaf":{"predicate":"Block.MoveTo","args":[{"x":0,"y":-5,"z":0}]}},{"type":"tile","gaf":{"predicate":"Block.RotateTo","args":[{"x":0,"y":0,"z":0}]}},{"type":"tile","gaf":{"predicate":"Block.PaintTo","args":["Deep Red"]}},{"type":"tile","gaf":{"predicate":"Block.TextureTo","args":["Texture Lava",{"x":0,"y":1,"z":0}]}},{"type":"tile","gaf":{"predicate":"Block.ScaleTo","args":[{"x":2500,"y":1,"z":2500}]}}],[{"type":"tile","gaf":{"predicate":"Meta.Then","args":[]}},{"type":"tile","gaf":{"predicate":"Block.Locked","args":[]}}],[{"type":"tile","gaf":{"predicate":"Meta.Then","args":[]}}]]},
  {"tile-rows":[[{"type":"tile","gaf":{"predicate":"Meta.Stop","args":[]}},{"type":"tile","gaf":{"predicate":"Block.Create","args":["Terrain Rock Group 01"]}},{"type":"tile","gaf":{"predicate":"Block.MoveTo","args":[{"x":-36,"y":3.5,"z":-83}]}},{"type":"tile","gaf":{"predicate":"Block.RotateTo","args":[{"x":0,"y":0,"z":0}]}},{"type":"tile","gaf":{"predicate":"Block.PaintTo","args":["Black"]}},{"type":"tile","gaf":{"predicate":"Block.TextureTo","args":["Rubber Material_Terrain",{"x":0,"y":1,"z":1}]}},{"type":"tile","gaf":{"predicate":"Block.ScaleTo","args":[{"x":23,"y":16,"z":21}]}},{"type":"tile","gaf":{"predicate":"Block.PaintTo","args":["Black",1]}},{"type":"tile","gaf":{"predicate":"Block.TextureTo","args":["Rubber Material_Terrain",{"x":0.5,"y":0,"z":1},1]}}],[{"type":"tile","gaf":{"predicate":"Meta.Then","args":[]}}]]},
  {"tile-rows":[[{"type":"tile","gaf":{"predicate":"Meta.Stop","args":[]}},{"type":"tile","gaf":{"predicate":"Block.Create","args":["Terrain Mountain Road"]}},{"type":"tile","gaf":{"predicate":"Block.MoveTo","args":[{"x":8.5,"y":19.5,"z":22.5}]}},{"type":"tile","gaf":{"predicate":"Block.RotateTo","args":[{"x":0,"y":270,"z":0}]}},{"type":"tile","gaf":{"predicate":"Block.PaintTo","args":["Black"]}},{"type":"tile","gaf":{"predicate":"Block.TextureTo","args":["Rubber Material_Terrain",{"x":0,"y":1,"z":0}]}},{"type":"tile","gaf":{"predicate":"Block.ScaleTo","args":[{"x":70,"y":20,"z":60}]}},{"type":"tile","gaf":{"predicate":"Block.PaintTo","args":["Black",1]}},{"type":"tile","gaf":{"predicate":"Block.TextureTo","args":["Rubber Material_Terrain",{"x":0,"y":0.5,"z":-1},1]}},{"type":"tile","gaf":{"predicate":"Block.PaintTo","args":["Black",2]}},{"type":"tile","gaf":{"predicate":"Block.TextureTo","args":["Rubber Material_Terrain",{"x":-1,"y":0.5,"z":0},2]}}],[{"type":"tile","gaf":{"predicate":"Meta.Then","args":[]}}]]},
  {"tile-rows":[[{"type":"tile","gaf":{"predicate":"Meta.Stop","args":[]}},{"type":"tile","gaf":{"predicate":"Block.Create","args":["Volcano"]}},{"type":"tile","gaf":{"predicate":"Block.MoveTo","args":[{"x":7.5,"y":42,"z":22}]}},{"type":"tile","gaf":{"predicate":"Block.RotateTo","args":[{"x":0,"y":90,"z":0}]}},{"type":"tile","gaf":{"predicate":"Block.PaintTo","args":["Orange"]}},{"type":"tile","gaf":{"predicate":"Block.TextureTo","args":["Texture Lava_Terrain",{"x":1,"y":1,"z":1}]}},{"type":"tile","gaf":{"predicate":"Block.ScaleTo","args":[{"x":27,"y":25,"z":26}]}},{"type":"tile","gaf":{"predicate":"Block.PaintTo","args":["Black",1]}},{"type":"tile","gaf":{"predicate":"Block.TextureTo","args":["Rock",{"x":0,"y":0,"z":1},1]}}],[{"type":"tile","gaf":{"predicate":"Meta.Then","args":[]}},{"type":"tile","gaf":{"predicate":"Volcano.Erupt","args":[4]}}],[{"type":"tile","gaf":{"predicate":"Meta.Then","args":[]}},{"type":"tile","gaf":{"predicate":"Block.PlaySoundDurational","args":["SFX Volcano Loop","Block","Loop"]}}],[{"type":"tile","gaf":{"predicate":"Meta.Then","args":[]}}]]},
  {"tile-rows":[[{"type":"tile","gaf":{"predicate":"Meta.Stop","args":[]}},{"type":"tile","gaf":{"predicate":"Block.Create","args":["Cliff 2"]}},{"type":"tile","gaf":{"predicate":"Block.MoveTo","args":[{"x":8,"y":3,"z":25}]}},{"type":"tile","gaf":{"predicate":"Block.RotateTo","args":[{"x":0,"y":180,"z":0}]}},{"type":"tile","gaf":{"predicate":"Block.PaintTo","args":["Black"]}},{"type":"tile","gaf":{"predicate":"Block.TextureTo","args":["Rubber Material_Terrain",{"x":0,"y":0,"z":1}]}},{"type":"tile","gaf":{"predicate":"Block.ScaleTo","args":[{"x":79,"y":15,"z":83}]}},{"type":"tile","gaf":{"predicate":"Block.PaintTo","args":["Black",1]}},{"type":"tile","gaf":{"predicate":"Block.TextureTo","args":["Rubber Material_Terrain",{"x":0,"y":1,"z":0.5},1]}}],[{"type":"tile","gaf":{"predicate":"Meta.Then","args":[]}}]]},
  {"tile-rows":[[{"type":"tile","gaf":{"predicate":"Meta.Stop","args":[]}},{"type":"tile","gaf":{"predicate":"Block.Create","args":["Rock Ramp"]}},{"type":"tile","gaf":{"predicate":"Block.MoveTo","args":[{"x":-2.5,"y":3.5,"z":-25}]}},{"type":"tile","gaf":{"predicate":"Block.RotateTo","args":[{"x":0,"y":0,"z":0}]}},{"type":"tile","gaf":{"predicate":"Block.PaintTo","args":["Black"]}},{"type":"tile","gaf":{"predicate":"Block.TextureTo","args":["Rubber Material_Terrain",{"x":0,"y":1,"z":-1}]}},{"type":"tile","gaf":{"predicate":"Block.ScaleTo","args":[{"x":12,"y":16,"z":23}]}},{"type":"tile","gaf":{"predicate":"Block.PaintTo","args":["Black",1]}},{"type":"tile","gaf":{"predicate":"Block.TextureTo","args":["Rubber Material_Terrain",{"x":-1,"y":0.5,"z":0},1]}}],[{"type":"tile","gaf":{"predicate":"Meta.Then","args":[]}}]]},
  {"tile-rows":[[{"type":"tile","gaf":{"predicate":"Meta.Stop","args":[]}},{"type":"tile","gaf":{"predicate":"Block.Create","args":["Cliff 1"]}},{"type":"tile","gaf":{"predicate":"Block.MoveTo","args":[{"x":6,"y":-4,"z":1}]}},{"type":"tile","gaf":{"predicate":"Block.RotateTo","args":[{"x":0,"y":90,"z":0}]}},{"type":"tile","gaf":{"predicate":"Block.PaintTo","args":["Black"]}},{"type":"tile","gaf":{"predicate":"Block.TextureTo","args":["Rubber Material_Terrain",{"x":0,"y":1,"z":0}]}},{"type":"tile","gaf":{"predicate":"Block.ScaleTo","args":[{"x":145,"y":1,"z":131}]}},{"type":"tile","gaf":{"predicate":"Block.PaintTo","args":["Black",1]}},{"type":"tile","gaf":{"predicate":"Block.TextureTo","args":["Rubber Material_Terrain",{"x":0,"y":1,"z":0},1]}}],[{"type":"tile","gaf":{"predicate":"Meta.Then","args":[]}}]]},
  {"tile-rows":[[{"type":"tile","gaf":{"predicate":"Meta.Stop","args":[]}},{"type":"tile","gaf":{"predicate":"Block.Create","args":["Terrain Rock Group 02"]}},{"type":"tile","gaf":{"predicate":"Block.MoveTo","args":[{"x":88.5,"y":0.5,"z":6.5}]}},{"type":"tile","gaf":{"predicate":"Block.RotateTo","args":[{"x":0,"y":90,"z":0}]}},{"type":"tile","gaf":{"predicate":"Block.PaintTo","args":["Black"]}},{"type":"tile","gaf":{"predicate":"Block.TextureTo","args":["Rubber Material_Terrain",{"x":0,"y":1,"z":0}]}},{"type":"tile","gaf":{"predicate":"Block.ScaleTo","args":[{"x":10,"y":10,"z":10}]}},{"type":"tile","gaf":{"predicate":"Block.PaintTo","args":["Black",1]}},{"type":"tile","gaf":{"predicate":"Block.TextureTo","args":["Rubber Material_Terrain",{"x":0.5,"y":0,"z":1},1]}}],[{"type":"tile","gaf":{"predicate":"Meta.Then","args":[]}}]]},
  {"tile-rows":[[{"type":"tile","gaf":{"predicate":"Meta.Stop","args":[]}},{"type":"tile","gaf":{"predicate":"Block.Create","args":["Arch Rock"]}},{"type":"tile","gaf":{"predicate":"Block.MoveTo","args":[{"x":-1.5,"y":4.5,"z":-32.5}]}},{"type":"tile","gaf":{"predicate":"Block.RotateTo","args":[{"x":0,"y":180,"z":0}]}},{"type":"tile","gaf":{"predicate":"Block.PaintTo","args":["Grey"]}},{"type":"tile","gaf":{"predicate":"Block.TextureTo","args":["Rock",{"x":0,"y":0,"z":1}]}},{"type":"tile","gaf":{"predicate":"Block.ScaleTo","args":[{"x":18,"y":16,"z":10}]}}],[{"type":"tile","gaf":{"predicate":"Meta.Then","args":[]}}]]},
  {"tile-rows":[[{"type":"tile","gaf":{"predicate":"Meta.Stop","args":[]}},{"type":"tile","gaf":{"predicate":"Block.Create","args":["Terrain Ground 02"]}},{"type":"tile","gaf":{"predicate":"Block.MoveTo","args":[{"x":205.5,"y":-2.5,"z":-106.5}]}},{"type":"tile","gaf":{"predicate":"Block.RotateTo","args":[{"x":0,"y":180,"z":0}]}},{"type":"tile","gaf":{"predicate":"Block.PaintTo","args":["Black"]}},{"type":"tile","gaf":{"predicate":"Block.TextureTo","args":["Rubber Material_Terrain",{"x":0,"y":1,"z":0}]}},{"type":"tile","gaf":{"predicate":"Block.ScaleTo","args":[{"x":60,"y":4,"z":60}]}},{"type":"tile","gaf":{"predicate":"Block.PaintTo","args":["Black",1]}},{"type":"tile","gaf":{"predicate":"Block.TextureTo","args":["Rubber Material_Terrain",{"x":1,"y":0.5,"z":-0.5},1]}},{"type":"tile","gaf":{"predicate":"Block.PaintTo","args":["Black",2]}},{"type":"tile","gaf":{"predicate":"Block.TextureTo","args":["Rubber Material_Terrain",{"x":-0.5,"y":1,"z":0},2]}}],[{"type":"tile","gaf":{"predicate":"Meta.Then","args":[]}}]]},
  {"tile-rows":[[{"type":"tile","gaf":{"predicate":"Meta.Stop","args":[]}},{"type":"tile","gaf":{"predicate":"Block.Create","args":["Tree Spooky"]}},{"type":"tile","gaf":{"predicate":"Block.MoveTo","args":[{"x":215,"y":3.5,"z":-100}]}},{"type":"tile","gaf":{"predicate":"Block.RotateTo","args":[{"x":0,"y":180,"z":0}]}},{"type":"tile","gaf":{"predicate":"Block.PaintTo","args":["Grey"]}},{"type":"tile","gaf":{"predicate":"Block.TextureTo","args":["Plain",{"x":0,"y":0,"z":0}]}},{"type":"tile","gaf":{"predicate":"Block.ScaleTo","args":[{"x":7,"y":8,"z":7}]}}],[{"type":"tile","gaf":{"predicate":"Meta.Then","args":[]}},{"type":"tile","gaf":{"predicate":"Block.Fixed","args":[]}}],[{"type":"tile","gaf":{"predicate":"Meta.Then","args":[]}}]]},
  {"tile-rows":[[{"type":"tile","gaf":{"predicate":"Meta.Stop","args":[]}},{"type":"tile","gaf":{"predicate":"Block.Create","args":["Tree Spooky"]}},{"type":"tile","gaf":{"predicate":"Block.MoveTo","args":[{"x":32.5,"y":0,"z":-21.5}]}},{"type":"tile","gaf":{"predicate":"Block.RotateTo","args":[{"x":0,"y":90,"z":0}]}},{"type":"tile","gaf":{"predicate":"Block.PaintTo","args":["Grey"]}},{"type":"tile","gaf":{"predicate":"Block.TextureTo","args":["Plain",{"x":0,"y":0,"z":0}]}},{"type":"tile","gaf":{"predicate":"Block.ScaleTo","args":[{"x":8,"y":7,"z":8}]}}],[{"type":"tile","gaf":{"predicate":"Meta.Then","args":[]}},{"type":"tile","gaf":{"predicate":"Block.Fixed","args":[]}}],[{"type":"tile","gaf":{"predicate":"Meta.Then","args":[]}}]]},
  {"tile-rows":[[{"type":"tile","gaf":{"predicate":"Meta.Stop","args":[]}},{"type":"tile","gaf":{"predicate":"Block.Create","args":["Tree Spooky"]}},{"type":"tile","gaf":{"predicate":"Block.MoveTo","args":[{"x":20.5,"y":0,"z":-36.5}]}},{"type":"tile","gaf":{"predicate":"Block.RotateTo","args":[{"x":0,"y":90,"z":0}]}},{"type":"tile","gaf":{"predicate":"Block.PaintTo","args":["Grey"]}},{"type":"tile","gaf":{"predicate":"Block.TextureTo","args":["Plain",{"x":0,"y":0,"z":0}]}},{"type":"tile","gaf":{"predicate":"Block.ScaleTo","args":[{"x":8,"y":7,"z":8}]}}],[{"type":"tile","gaf":{"predicate":"Meta.Then","args":[]}},{"type":"tile","gaf":{"predicate":"Block.Fixed","args":[]}}],[{"type":"tile","gaf":{"predicate":"Meta.Then","args":[]}}]]},
  {"tile-rows":[[{"type":"tile","gaf":{"predicate":"Meta.Stop","args":[]}},{"type":"tile","gaf":{"predicate":"Block.Create","args":["Tree Spooky"]}},{"type":"tile","gaf":{"predicate":"Block.MoveTo","args":[{"x":-25.5,"y":0,"z":-43.5}]}},{"type":"tile","gaf":{"predicate":"Block.RotateTo","args":[{"x":0,"y":90,"z":0}]}},{"type":"tile","gaf":{"predicate":"Block.PaintTo","args":["Grey"]}},{"type":"tile","gaf":{"predicate":"Block.TextureTo","args":["Plain",{"x":0,"y":0,"z":0}]}},{"type":"tile","gaf":{"predicate":"Block.ScaleTo","args":[{"x":8,"y":7,"z":8}]}}],[{"type":"tile","gaf":{"predicate":"Meta.Then","args":[]}},{"type":"tile","gaf":{"predicate":"Block.Fixed","args":[]}}],[{"type":"tile","gaf":{"predicate":"Meta.Then","args":[]}}]]},
  {"tile-rows":[[{"type":"tile","gaf":{"predicate":"Meta.Stop","args":[]}},{"type":"tile","gaf":{"predicate":"Block.Create","args":["Tree Spooky"]}},{"type":"tile","gaf":{"predicate":"Block.MoveTo","args":[{"x":42.5,"y":0,"z":-2.5}]}},{"type":"tile","gaf":{"predicate":"Block.RotateTo","args":[{"x":0,"y":90,"z":0}]}},{"type":"tile","gaf":{"predicate":"Block.PaintTo","args":["Grey"]}},{"type":"tile","gaf":{"predicate":"Block.TextureTo","args":["Plain",{"x":0,"y":0,"z":0}]}},{"type":"tile","gaf":{"predicate":"Block.ScaleTo","args":[{"x":8,"y":7,"z":8}]}}],[{"type":"tile","gaf":{"predicate":"Meta.Then","args":[]}},{"type":"tile","gaf":{"predicate":"Block.Fixed","args":[]}}],[{"type":"tile","gaf":{"predicate":"Meta.Then","args":[]}}]]},
  {"tile-rows":[[{"type":"tile","gaf":{"predicate":"Meta.Stop","args":[]}},{"type":"tile","gaf":{"predicate":"Block.Create","args":["Tree Spooky"]}},{"type":"tile","gaf":{"predicate":"Block.MoveTo","args":[{"x":45.5,"y":0,"z":-34.5}]}},{"type":"tile","gaf":{"predicate":"Block.RotateTo","args":[{"x":0,"y":90,"z":0}]}},{"type":"tile","gaf":{"predicate":"Block.PaintTo","args":["Grey"]}},{"type":"tile","gaf":{"predicate":"Block.TextureTo","args":["Plain",{"x":0,"y":0,"z":0}]}},{"type":"tile","gaf":{"predicate":"Block.ScaleTo","args":[{"x":8,"y":7,"z":8}]}}],[{"type":"tile","gaf":{"predicate":"Meta.Then","args":[]}},{"type":"tile","gaf":{"predicate":"Block.Fixed","args":[]}}],[{"type":"tile","gaf":{"predicate":"Meta.Then","args":[]}}]]},
  {"tile-rows":[[{"type":"tile","gaf":{"predicate":"Meta.Stop","args":[]}},{"type":"tile","gaf":{"predicate":"Block.Create","args":["Tree Spooky"]}},{"type":"tile","gaf":{"predicate":"Block.MoveTo","args":[{"x":7.5,"y":0,"z":-55.5}]}},{"type":"tile","gaf":{"predicate":"Block.RotateTo","args":[{"x":0,"y":90,"z":0}]}},{"type":"tile","gaf":{"predicate":"Block.PaintTo","args":["Grey"]}},{"type":"tile","gaf":{"predicate":"Block.TextureTo","args":["Plain",{"x":0,"y":0,"z":0}]}},{"type":"tile","gaf":{"predicate":"Block.ScaleTo","args":[{"x":8,"y":7,"z":8}]}}],[{"type":"tile","gaf":{"predicate":"Meta.Then","args":[]}},{"type":"tile","gaf":{"predicate":"Block.Fixed","args":[]}}],[{"type":"tile","gaf":{"predicate":"Meta.Then","args":[]}}]]},
  {"tile-rows":[[{"type":"tile","gaf":{"predicate":"Meta.Stop","args":[]}},{"type":"tile","gaf":{"predicate":"Block.Create","args":["Tree Spooky"]}},{"type":"tile","gaf":{"predicate":"Block.MoveTo","args":[{"x":-19.5,"y":0,"z":-24.5}]}},{"type":"tile","gaf":{"predicate":"Block.RotateTo","args":[{"x":0,"y":90,"z":0}]}},{"type":"tile","gaf":{"predicate":"Block.PaintTo","args":["Grey"]}},{"type":"tile","gaf":{"predicate":"Block.TextureTo","args":["Plain",{"x":0,"y":0,"z":0}]}},{"type":"tile","gaf":{"predicate":"Block.ScaleTo","args":[{"x":8,"y":7,"z":8}]}}],[{"type":"tile","gaf":{"predicate":"Meta.Then","args":[]}},{"type":"tile","gaf":{"predicate":"Block.Fixed","args":[]}}],[{"type":"tile","gaf":{"predicate":"Meta.Then","args":[]}}]]},
  {"tile-rows":[[{"type":"tile","gaf":{"predicate":"Meta.Stop","args":[]}},{"type":"tile","gaf":{"predicate":"Block.Create","args":["AlienPlant Coral"]}},{"type":"tile","gaf":{"predicate":"Block.MoveTo","args":[{"x":70.5,"y":4.5,"z":-50.5}]}},{"type":"tile","gaf":{"predicate":"Block.RotateTo","args":[{"x":0,"y":90,"z":0}]}},{"type":"tile","gaf":{"predicate":"Block.PaintTo","args":["Luminous Red"]}},{"type":"tile","gaf":{"predicate":"Block.TextureTo","args":["Transparent",{"x":0,"y":0,"z":1}]}},{"type":"tile","gaf":{"predicate":"Block.ScaleTo","args":[{"x":18,"y":18,"z":18}]}},{"type":"tile","gaf":{"predicate":"Block.PaintTo","args":["Black",1]}},{"type":"tile","gaf":{"predicate":"Block.TextureTo","args":["Plain",{"x":0,"y":0,"z":0},1]}},{"type":"tile","gaf":{"predicate":"Block.PaintTo","args":["Grey",2]}},{"type":"tile","gaf":{"predicate":"Block.TextureTo","args":["Plain",{"x":0,"y":0,"z":0},2]}}],[{"type":"tile","gaf":{"predicate":"Meta.Then","args":[]}},{"type":"tile","gaf":{"predicate":"Block.Fixed","args":[]}}],[{"type":"tile","gaf":{"predicate":"Meta.Then","args":[]}}]]},
  {"tile-rows":[[{"type":"tile","gaf":{"predicate":"Meta.Stop","args":[]}},{"type":"tile","gaf":{"predicate":"Block.Create","args":["Terrain Rock Group 03"]}},{"type":"tile","gaf":{"predicate":"Block.MoveTo","args":[{"x":159,"y":5.5,"z":-144.5}]}},{"type":"tile","gaf":{"predicate":"Block.RotateTo","args":[{"x":0,"y":270,"z":0}]}},{"type":"tile","gaf":{"predicate":"Block.PaintTo","args":["Black"]}},{"type":"tile","gaf":{"predicate":"Block.TextureTo","args":["Rubber Material_Terrain",{"x":0,"y":1,"z":0}]}},{"type":"tile","gaf":{"predicate":"Block.ScaleTo","args":[{"x":22,"y":20,"z":23}]}},{"type":"tile","gaf":{"predicate":"Block.PaintTo","args":["Black",1]}},{"type":"tile","gaf":{"predicate":"Block.TextureTo","args":["Rubber Material_Terrain",{"x":0.5,"y":0,"z":0.5},1]}}],[{"type":"tile","gaf":{"predicate":"Meta.Then","args":[]}}]]},
  {"tile-rows":[[{"type":"tile","gaf":{"predicate":"Meta.Stop","args":[]}},{"type":"tile","gaf":{"predicate":"Block.Create","args":["Tree Spooky"]}},{"type":"tile","gaf":{"predicate":"Block.MoveTo","args":[{"x":-39.5,"y":0,"z":-22.5}]}},{"type":"tile","gaf":{"predicate":"Block.RotateTo","args":[{"x":0,"y":90,"z":0}]}},{"type":"tile","gaf":{"predicate":"Block.PaintTo","args":["Grey"]}},{"type":"tile","gaf":{"predicate":"Block.TextureTo","args":["Plain",{"x":0,"y":0,"z":0}]}},{"type":"tile","gaf":{"predicate":"Block.ScaleTo","args":[{"x":8,"y":7,"z":8}]}}],[{"type":"tile","gaf":{"predicate":"Meta.Then","args":[]}},{"type":"tile","gaf":{"predicate":"Block.Fixed","args":[]}}],[{"type":"tile","gaf":{"predicate":"Meta.Then","args":[]}}]]},
  {"tile-rows":[[{"type":"tile","gaf":{"predicate":"Meta.Stop","args":[]}},{"type":"tile","gaf":{"predicate":"Block.Create","args":["Tree Spooky"]}},{"type":"tile","gaf":{"predicate":"Block.MoveTo","args":[{"x":-44.5,"y":0,"z":-37.5}]}},{"type":"tile","gaf":{"predicate":"Block.RotateTo","args":[{"x":0,"y":90,"z":0}]}},{"type":"tile","gaf":{"predicate":"Block.PaintTo","args":["Grey"]}},{"type":"tile","gaf":{"predicate":"Block.TextureTo","args":["Plain",{"x":0,"y":0,"z":0}]}},{"type":"tile","gaf":{"predicate":"Block.ScaleTo","args":[{"x":8,"y":7,"z":8}]}}],[{"type":"tile","gaf":{"predicate":"Meta.Then","args":[]}},{"type":"tile","gaf":{"predicate":"Block.Fixed","args":[]}}],[{"type":"tile","gaf":{"predicate":"Meta.Then","args":[]}}]]},
  {"tile-rows":[[{"type":"tile","gaf":{"predicate":"Meta.Stop","args":[]}},{"type":"tile","gaf":{"predicate":"Block.Create","args":["Tree Spooky"]}},{"type":"tile","gaf":{"predicate":"Block.MoveTo","args":[{"x":-39.5,"y":0,"z":9.5}]}},{"type":"tile","gaf":{"predicate":"Block.RotateTo","args":[{"x":0,"y":90,"z":0}]}},{"type":"tile","gaf":{"predicate":"Block.PaintTo","args":["Grey"]}},{"type":"tile","gaf":{"predicate":"Block.TextureTo","args":["Plain",{"x":0,"y":0,"z":0}]}},{"type":"tile","gaf":{"predicate":"Block.ScaleTo","args":[{"x":8,"y":7,"z":8}]}}],[{"type":"tile","gaf":{"predicate":"Meta.Then","args":[]}},{"type":"tile","gaf":{"predicate":"Block.Fixed","args":[]}}],[{"type":"tile","gaf":{"predicate":"Meta.Then","args":[]}}]]},
  {"tile-rows":[[{"type":"tile","gaf":{"predicate":"Meta.Stop","args":[]}},{"type":"tile","gaf":{"predicate":"Block.Create","args":["Tree Spooky"]}},{"type":"tile","gaf":{"predicate":"Block.MoveTo","args":[{"x":-39.5,"y":0,"z":-8.5}]}},{"type":"tile","gaf":{"predicate":"Block.RotateTo","args":[{"x":0,"y":90,"z":0}]}},{"type":"tile","gaf":{"predicate":"Block.PaintTo","args":["Grey"]}},{"type":"tile","gaf":{"predicate":"Block.TextureTo","args":["Plain",{"x":0,"y":0,"z":0}]}},{"type":"tile","gaf":{"predicate":"Block.ScaleTo","args":[{"x":8,"y":7,"z":8}]}}],[{"type":"tile","gaf":{"predicate":"Meta.Then","args":[]}},{"type":"tile","gaf":{"predicate":"Block.Fixed","args":[]}}],[{"type":"tile","gaf":{"predicate":"Meta.Then","args":[]}}]]},
  {"tile-rows":[[{"type":"tile","gaf":{"predicate":"Meta.Stop","args":[]}},{"type":"tile","gaf":{"predicate":"Block.Create","args":["Tree Spooky"]}},{"type":"tile","gaf":{"predicate":"Block.MoveTo","args":[{"x":-42.5,"y":0,"z":29.5}]}},{"type":"tile","gaf":{"predicate":"Block.RotateTo","args":[{"x":0,"y":90,"z":0}]}},{"type":"tile","gaf":{"predicate":"Block.PaintTo","args":["Grey"]}},{"type":"tile","gaf":{"predicate":"Block.TextureTo","args":["Plain",{"x":0,"y":0,"z":0}]}},{"type":"tile","gaf":{"predicate":"Block.ScaleTo","args":[{"x":8,"y":7,"z":8}]}}],[{"type":"tile","gaf":{"predicate":"Meta.Then","args":[]}},{"type":"tile","gaf":{"predicate":"Block.Fixed","args":[]}}],[{"type":"tile","gaf":{"predicate":"Meta.Then","args":[]}}]]}
 ],
 "connections":[
  [],
  [],
  [],
  [],
  [],
  [],
  [],
  [],
  [],
  [],
  [],
  [],
  [],
  [],
  [],
  [],
  [],
  [],
  [],
  [],
  [],
  [],
  [],
  [],
  [],
  []
 ],
 "connectionTypes":[
  [],
  [],
  [],
  [],
  [],
  [],
  [],
  [],
  [],
  [],
  [],
  [],
  [],
  [],
  [],
  [],
  [],
  [],
  [],
  [],
  [],
  [],
  [],
  [],
  [],
  []
 ],
 "frozen-in-terrain":[1,1,0,0,0,0,0,0,0,0,0,0,0,0,0,0,0,0,0,0,0,0,0,0,0,0],
 "camera":{
  "rotation":{"x":0.26262,"y":0.31253,"z":-0.09035,"w":0.90839},
  "position":{"x":-65.27005,"y":112.54082,"z":-148.94786},
  "playDistance":165,
  "playAngle":57.74997
 },
 "camera-poses":[
  {"name":"Camera Reset Pose","position":{"x":-34.9957,"y":1.71939,"z":-90.56665},"direction":{"x":0.53139,"y":-0.3377,"z":0.77688}}
 ]
}